user,day,login_frequency,logoff_count,after_hours_logon,unique_pcs,new_device,usb_usage,device_connect_count,device_disconnect_count,after_hours_device,web_activity,after_hours_activity,external_destination,privileged_account,user_historical_activity,activity_spike_ratio,insider_label
EGM0401,2010-08-31,2,1,0,1,0,0.0,0.0,0.0,0.0,2.0,0.0,0.0,0,7.3,0.6,0
KAD0059,2011-03-21,1,1,0,1,0,0.0,0.0,0.0,0.0,0.0,0.0,0.0,0,6.6,0.26,0
KBC0788,2010-02-16,1,1,1,1,0,0.0,0.0,0.0,0.0,0.0,1.0,0.0,0,2.97,0.5,0
KBB0983,2010-04-30,1,1,0,1,0,0.0,0.0,0.0,0.0,0.0,0.0,0.0,0,4.88,0.34,0
HSH0981,2011-04-11,1,1,1,1,0,0.0,0.0,0.0,0.0,32.0,8.0,1.0,0,6.87,4.32,0
BIR0534,2011-02-15,1,1,0,1,0,0.0,0.0,0.0,0.0,0.0,0.0,0.0,0,19.93,0.1,0
RXE0207,2010-10-14,3,2,0,2,1,0.0,0.0,0.0,0.0,0.0,0.0,0.0,0,5.12,0.82,0
KFF0225,2010-04-01,1,1,1,1,0,0.0,0.0,0.0,0.0,4.0,1.0,0.0,0,3.83,1.24,0
HRK0729,2011-05-06,1,1,0,1,0,0.0,0.0,0.0,0.0,20.0,0.0,0.0,0,7.72,2.52,0
JMP0200,2011-02-07,1,1,0,1,0,0.0,0.0,0.0,0.0,10.0,0.0,0.0,0,5.13,1.96,0
JLC0744,2010-08-30,1,1,0,1,0,0.0,0.0,0.0,0.0,4.0,0.0,0.0,0,6.08,0.85,0
NCW0246,2010-12-27,2,1,0,1,0,0.0,0.0,0.0,0.0,1.0,0.0,0.0,1,4.86,0.68,0
ACH0803,2010-10-12,1,1,0,1,0,2.0,1.0,1.0,0.0,0.0,0.0,0.0,0,33.41,0.12,0
ONQ0625,2010-10-04,1,1,0,1,0,0.0,0.0,0.0,0.0,0.0,0.0,0.0,0,3.92,0.41,0
BAM0466,2010-07-28,1,1,1,1,0,0.0,0.0,0.0,0.0,19.0,3.0,0.0,0,23.81,0.85,0
RSJ0328,2010-11-30,1,1,0,1,0,0.0,0.0,0.0,0.0,6.0,0.0,0.0,0,3.95,1.62,0
MVL0885,2010-08-10,1,1,0,1,0,0.0,0.0,0.0,0.0,16.0,0.0,0.0,0,4.49,3.28,0
LBB0095,2010-07-28,1,1,1,1,0,2.0,1.0,1.0,1.0,1.0,2.0,0.0,0,6.69,0.65,0
BNG0510,2010-02-03,1,1,1,1,0,0.0,0.0,0.0,0.0,10.0,2.0,0.0,1,5.09,1.97,0
OUS0565,2010-07-02,1,1,0,1,0,0.0,0.0,0.0,0.0,1.0,0.0,0.0,0,4.89,0.51,0
MKN0234,2011-02-02,1,1,0,1,0,0.0,0.0,0.0,0.0,1.0,0.0,0.0,0,4.5,0.55,0
JTT0989,2010-09-27,11,11,12,11,1,0.0,0.0,0.0,0.0,0.0,12.0,0.0,1,15.33,1.35,0
GTJ0243,2010-05-19,1,1,0,1,0,0.0,0.0,0.0,0.0,0.0,0.0,0.0,0,4.3,0.38,0
ARK0026,2010-01-14,1,1,0,1,0,2.0,1.0,1.0,0.0,2.0,0.0,0.0,0,8.12,0.66,0
BSM0334,2011-05-12,1,1,0,1,0,0.0,0.0,0.0,0.0,82.0,0.0,0.0,0,21.68,3.7,0
BCM0558,2010-03-22,2,1,0,1,0,0.0,0.0,0.0,0.0,1.0,0.0,0.0,0,12.76,0.29,0
EKB0587,2010-04-16,1,1,0,1,0,0.0,0.0,0.0,0.0,2.0,0.0,0.0,0,5.42,0.62,0
FHM0931,2011-03-04,1,1,1,1,0,0.0,0.0,0.0,0.0,6.0,1.0,0.0,0,6.42,1.08,0
RKC0733,2011-03-01,1,1,1,1,0,0.0,0.0,0.0,0.0,13.0,1.0,0.0,0,4.92,2.53,0
HDR0823,2011-04-08,3,2,0,2,0,2.0,1.0,1.0,0.0,2.0,0.0,0.0,0,7.89,1.01,0
PRB0568,2011-01-18,1,1,0,1,0,0.0,0.0,0.0,0.0,0.0,0.0,0.0,0,3.76,0.42,0
JGC0775,2010-08-04,2,2,1,1,0,0.0,0.0,0.0,0.0,4.0,4.0,0.0,0,6.17,1.12,0
BQW0149,2010-09-13,1,1,0,1,0,0.0,0.0,0.0,0.0,13.0,0.0,0.0,0,13.89,1.01,0
KJG0378,2010-01-13,2,2,0,2,1,0.0,0.0,0.0,0.0,0.0,0.0,0.0,0,3.29,0.93,0
DOO0986,2010-05-21,1,1,0,1,0,0.0,0.0,0.0,0.0,0.0,0.0,0.0,0,4.66,0.35,0
CGM0994,2010-07-14,9,9,8,9,1,0.0,0.0,0.0,0.0,0.0,8.0,0.0,1,15.59,1.09,0
CDK0329,2010-04-19,1,1,0,1,0,0.0,0.0,0.0,0.0,1.0,0.0,0.0,0,7.01,0.37,0
DWB0426,2011-01-13,1,1,0,1,0,0.0,0.0,0.0,0.0,12.0,0.0,0.0,0,4.54,2.53,0
CDF0585,2010-02-18,1,1,0,1,0,0.0,0.0,0.0,0.0,0.0,0.0,0.0,0,3.48,0.45,0
LCL0792,2011-03-21,1,1,1,1,0,0.0,0.0,0.0,0.0,0.0,1.0,0.0,0,4.39,0.37,0
DST0527,2010-10-08,1,1,1,1,0,0.0,0.0,0.0,0.0,0.0,1.0,0.0,0,4.59,0.36,0
GLB0715,2010-09-14,2,1,0,1,0,0.0,0.0,0.0,0.0,0.0,0.0,0.0,0,5.92,0.43,0
BAB0505,2010-04-19,1,1,0,1,0,0.0,0.0,0.0,0.0,4.0,0.0,0.0,0,18.42,0.31,0
BTW0973,2010-01-22,1,1,0,1,0,0.0,0.0,0.0,0.0,0.0,0.0,0.0,0,5.57,0.3,0
AMM0830,2011-01-17,1,1,0,1,0,0.0,0.0,0.0,0.0,8.0,0.0,0.0,0,18.48,0.51,0
CRF0074,2011-01-20,2,1,1,1,0,0.0,0.0,0.0,0.0,3.0,1.0,0.0,0,6.56,0.79,0
MVL0885,2010-04-15,1,1,0,1,0,0.0,0.0,0.0,0.0,0.0,0.0,0.0,0,4.36,0.37,0
BPC0533,2010-02-15,2,1,1,1,0,2.0,1.0,1.0,0.0,1.0,1.0,0.0,0,8.2,0.65,0
RDG0335,2010-07-14,1,1,0,1,0,0.0,0.0,0.0,0.0,0.0,0.0,0.0,0,3.71,0.42,0
CTH0856,2010-03-29,1,1,0,1,0,0.0,0.0,0.0,0.0,0.0,0.0,0.0,0,4.63,0.35,0
HCM0681,2010-01-08,1,1,0,1,0,0.0,0.0,0.0,0.0,0.0,0.0,0.0,1,3.0,0.5,0
DBA0367,2010-09-22,1,1,0,1,0,0.0,0.0,0.0,0.0,0.0,0.0,0.0,1,4.88,0.34,0
MSP0078,2010-01-20,1,1,0,1,0,0.0,0.0,0.0,0.0,0.0,0.0,0.0,0,3.17,0.48,0
BMK0943,2010-01-05,2,1,0,1,0,0.0,0.0,0.0,0.0,3.0,0.0,0.0,0,4.0,1.2,0
GHB0863,2010-01-27,3,2,0,2,1,0.0,0.0,0.0,0.0,0.0,0.0,0.0,0,3.47,1.12,0
KFF0225,2010-08-19,1,1,1,1,0,0.0,0.0,0.0,0.0,0.0,1.0,0.0,0,6.24,0.28,0
AJB0016,2010-05-17,2,1,1,1,0,2.0,1.0,1.0,1.0,1.0,2.0,0.0,0,25.9,0.22,0
PDS0896,2011-02-04,1,1,0,1,0,0.0,0.0,0.0,0.0,1.0,0.0,0.0,0,4.24,0.57,0
IVF0777,2011-05-06,1,1,0,1,0,0.0,0.0,0.0,0.0,23.0,0.0,0.0,0,6.88,3.17,0
MXM0838,2010-10-14,2,1,0,1,0,2.0,1.0,1.0,0.0,0.0,0.0,0.0,0,6.29,0.69,0
REK0484,2010-08-27,1,1,1,1,0,0.0,0.0,0.0,0.0,1.0,1.0,0.0,0,4.38,0.56,0
GMF0571,2010-12-21,2,1,0,1,0,0.0,0.0,0.0,0.0,3.0,0.0,0.0,0,5.62,0.91,0
OIR0424,2010-11-23,1,1,0,1,0,0.0,0.0,0.0,0.0,0.0,0.0,0.0,0,4.29,0.38,0
IAC0264,2010-09-08,1,1,0,1,0,0.0,0.0,0.0,0.0,3.0,0.0,0.0,0,5.23,0.8,0
CBR0104,2010-02-15,2,1,1,1,0,0.0,0.0,0.0,0.0,0.0,1.0,0.0,0,5.57,0.46,0
CTH0082,2010-06-30,1,1,1,1,0,0.0,0.0,0.0,0.0,1.0,1.0,0.0,0,5.94,0.43,0
EEK0031,2010-06-25,1,1,0,1,0,0.0,0.0,0.0,0.0,0.0,0.0,0.0,0,4.41,0.37,0
MLC0238,2010-10-05,1,1,0,1,0,0.0,0.0,0.0,0.0,0.0,0.0,0.0,0,4.46,0.37,0
CRJ0934,2010-04-21,1,1,0,1,0,0.0,0.0,0.0,0.0,24.0,0.0,0.0,0,4.99,4.34,0
GMS0949,2010-03-18,1,1,0,1,0,0.0,0.0,0.0,0.0,0.0,0.0,0.0,0,3.55,0.44,0
AAM0658,2010-10-23,1,1,1,1,0,2.0,1.0,1.0,2.0,1.0,5.0,1.0,0,10.0,0.4,1
AJR0932,2010-09-10,1,1,1,1,0,2.0,1.0,1.0,2.0,1.0,5.0,1.0,0,10.0,0.4,1
BDV0168,2010-07-30,1,1,1,1,0,2.0,1.0,1.0,2.0,1.0,5.0,1.0,0,10.0,0.4,1
BIH0745,2010-07-13,1,1,1,1,0,2.0,1.0,1.0,2.0,1.0,5.0,1.0,0,10.0,0.4,1
BLS0678,2010-09-21,1,1,1,1,0,2.0,1.0,1.0,2.0,1.0,5.0,1.0,0,10.0,0.4,1
BTL0226,2010-10-06,1,1,1,1,0,2.0,1.0,1.0,2.0,1.0,5.0,1.0,0,10.0,0.4,1
CAH0936,2010-08-11,1,1,1,1,0,2.0,1.0,1.0,2.0,1.0,5.0,1.0,0,10.0,0.4,1
DCH0843,2011-02-04,1,1,0,1,0,2.0,1.0,1.0,0.0,1.0,0.0,1.0,0,10.0,0.4,1
EHB0824,2010-07-22,1,0,1,1,0,2.0,1.0,1.0,2.0,1.0,4.0,1.0,0,10.0,0.4,1
EHD0584,2010-10-02,1,1,1,1,0,2.0,1.0,1.0,2.0,1.0,5.0,1.0,0,10.0,0.4,1
FMG0527,2011-01-05,1,1,1,1,0,2.0,1.0,1.0,2.0,1.0,5.0,1.0,0,10.0,0.4,1
FTM0406,2010-11-25,1,1,1,1,0,2.0,1.0,1.0,2.0,1.0,5.0,1.0,0,10.0,0.4,1
GHL0460,2010-11-09,1,1,1,1,0,2.0,1.0,1.0,1.0,1.0,3.0,1.0,0,10.0,0.4,1
HJB0742,2010-11-19,1,1,1,1,0,2.0,1.0,1.0,2.0,1.0,5.0,1.0,0,10.0,0.4,1
JMB0308,2010-07-14,1,1,1,1,0,2.0,1.0,1.0,2.0,1.0,5.0,1.0,0,10.0,0.4,1
JRG0207,2011-01-19,1,0,1,1,0,2.0,1.0,1.0,2.0,1.0,4.0,1.0,0,10.0,0.4,1
KLH0596,2011-02-12,1,1,1,1,0,2.0,1.0,1.0,2.0,1.0,5.0,1.0,0,10.0,0.4,1
KPC0073,2010-07-07,1,1,1,1,0,2.0,1.0,1.0,2.0,1.0,5.0,1.0,0,10.0,0.4,1
LJR0523,2010-07-31,1,1,1,1,0,2.0,1.0,1.0,2.0,1.0,5.0,1.0,0,10.0,0.4,1
LQC0479,2010-09-14,1,1,1,1,0,2.0,1.0,1.0,2.0,1.0,5.0,1.0,0,10.0,0.4,1
MAR0955,2011-02-08,1,1,1,1,0,2.0,1.0,1.0,2.0,1.0,5.0,1.0,0,10.0,0.4,1
MAS0025,2010-09-29,1,1,1,1,0,2.0,1.0,1.0,2.0,1.0,5.0,1.0,0,10.0,0.4,1
MCF0600,2010-09-20,1,0,1,1,0,2.0,1.0,1.0,2.0,1.0,4.0,1.0,0,10.0,0.4,1
MYD0978,2010-12-13,1,0,1,1,0,2.0,1.0,1.0,2.0,1.0,4.0,1.0,0,10.0,0.4,1
PPF0435,2011-02-09,1,1,1,1,0,2.0,1.0,1.0,2.0,1.0,5.0,1.0,0,10.0,0.4,1
RAB0589,2010-09-13,1,0,1,1,0,2.0,1.0,1.0,2.0,1.0,4.0,1.0,0,10.0,0.4,1
RGG0064,2010-10-20,1,1,1,1,0,2.0,1.0,1.0,2.0,1.0,5.0,1.0,0,10.0,0.4,1
RKD0604,2010-07-13,1,0,1,1,0,2.0,1.0,1.0,2.0,1.0,4.0,1.0,0,10.0,0.4,1
TAP0551,2010-10-23,1,1,1,1,0,2.0,1.0,1.0,2.0,1.0,5.0,1.0,0,10.0,0.4,1
WDD0366,2011-02-24,1,1,1,1,0,2.0,1.0,1.0,2.0,1.0,5.0,1.0,0,10.0,0.4,1
AAF0535,2010-06-28,0,0,0,1,0,0.0,0.0,0.0,0.0,8.0,0.0,0.0,0,10.0,0.8,1
ABC0174,2010-10-27,0,0,0,1,0,0.0,0.0,0.0,0.0,3.0,0.0,0.0,0,10.0,0.3,1
AKR0057,2010-10-04,0,0,0,1,0,0.0,0.0,0.0,0.0,4.0,0.0,0.0,0,10.0,0.4,1
CCL0068,2010-12-27,0,0,0,1,0,0.0,0.0,0.0,0.0,5.0,0.0,0.0,0,10.0,0.5,1
CEJ0109,2011-02-07,0,0,0,1,0,0.0,0.0,0.0,0.0,7.0,0.0,0.0,0,10.0,0.7,1
CQW0652,2011-02-18,0,0,0,1,0,0.0,0.0,0.0,0.0,9.0,1.0,0.0,0,10.0,0.9,1
DIB0285,2010-07-26,0,0,0,1,0,0.0,0.0,0.0,0.0,2.0,0.0,0.0,0,10.0,0.2,1
DRR0162,2010-11-11,0,0,0,1,0,0.0,0.0,0.0,0.0,4.0,0.0,0.0,0,10.0,0.4,1
EDB0714,2010-10-18,0,0,0,1,0,0.0,0.0,0.0,0.0,4.0,0.0,0.0,0,10.0,0.4,1
EGD0132,2010-08-02,0,0,0,1,0,0.0,0.0,0.0,0.0,6.0,0.0,0.0,0,10.0,0.6,1
FSC0601,2011-01-18,0,0,0,1,0,0.0,0.0,0.0,0.0,4.0,0.0,0.0,0,10.0,0.4,1
HBO0413,2011-02-14,0,0,0,1,0,0.0,0.0,0.0,0.0,9.0,0.0,0.0,0,10.0,0.9,1
HXL0968,2010-08-31,0,0,0,1,0,0.0,0.0,0.0,0.0,4.0,0.0,0.0,0,10.0,0.4,1
IJM0776,2010-07-06,0,0,0,1,0,0.0,0.0,0.0,0.0,10.0,0.0,0.0,0,10.0,1.0,1
IKR0401,2010-12-27,0,0,0,1,0,0.0,0.0,0.0,0.0,8.0,0.0,0.0,0,10.0,0.8,1
IUB0565,2010-10-06,0,0,0,1,0,0.0,0.0,0.0,0.0,6.0,0.0,0.0,0,10.0,0.6,1
JJM0203,2010-09-02,0,0,0,1,0,0.0,0.0,0.0,0.0,5.0,0.0,0.0,0,10.0,0.5,1
KRL0501,2010-11-22,0,0,0,1,0,0.0,0.0,0.0,0.0,8.0,0.0,0.0,0,10.0,0.8,1
LCC0819,2010-06-16,0,0,0,1,0,0.0,0.0,0.0,0.0,3.0,0.0,0.0,0,10.0,0.3,1
MDH0580,2011-01-04,0,0,0,1,0,0.0,0.0,0.0,0.0,5.0,0.0,0.0,0,10.0,0.5,1
MOS0047,2010-07-15,0,0,0,1,0,0.0,0.0,0.0,0.0,6.0,0.0,0.0,0,10.0,0.6,1
NWT0098,2011-02-07,0,0,0,1,0,0.0,0.0,0.0,0.0,1.0,0.0,0.0,0,10.0,0.1,1
PNL0301,2010-06-14,0,0,0,1,0,0.0,0.0,0.0,0.0,5.0,0.0,0.0,0,10.0,0.5,1
PSF0133,2010-08-02,0,0,0,1,0,0.0,0.0,0.0,0.0,3.0,0.0,0.0,0,10.0,0.3,1
RAR0725,2010-07-06,0,0,0,1,0,0.0,0.0,0.0,0.0,5.0,0.0,0.0,0,10.0,0.5,1
RHL0992,2010-07-13,0,0,0,1,0,0.0,0.0,0.0,0.0,9.0,0.0,0.0,0,10.0,0.9,1
RMW0542,2010-06-21,0,0,0,1,0,0.0,0.0,0.0,0.0,3.0,0.0,0.0,0,10.0,0.3,1
TNM0961,2010-10-15,0,0,0,1,0,0.0,0.0,0.0,0.0,6.0,0.0,0.0,0,10.0,0.6,1
VSS0154,2010-09-07,0,0,0,1,0,0.0,0.0,0.0,0.0,6.0,0.0,0.0,0,10.0,0.6,1
XHW0498,2010-08-09,0,0,0,1,0,0.0,0.0,0.0,0.0,4.0,0.0,0.0,0,10.0,0.4,1
BBS0039,2010-08-12,1,1,1,2,0,4.0,2.0,2.0,2.0,3.0,4.0,0.0,0,10.0,0.8,1
BSS0369,2010-09-30,1,1,1,2,0,4.0,2.0,2.0,2.0,1.0,4.0,0.0,0,10.0,0.6,1
CCA0046,2010-10-14,1,1,1,2,0,4.0,2.0,2.0,2.0,9.0,4.0,0.0,0,10.0,1.4,1
CSC0217,2010-06-10,1,1,0,2,0,4.0,2.0,2.0,0.0,3.0,0.0,0.0,0,10.0,0.8,1
GTD0219,2010-06-17,1,1,0,2,0,4.0,2.0,2.0,0.0,8.0,0.0,0.0,0,10.0,1.3,1
JGT0221,2010-07-15,1,1,0,2,0,4.0,2.0,2.0,0.0,7.0,0.0,0.0,0,10.0,1.2,1
JLM0364,2011-04-28,1,1,1,2,0,4.0,2.0,2.0,2.0,7.0,4.0,0.0,0,10.0,1.2,1
JTM0223,2010-07-22,1,1,1,2,0,4.0,2.0,2.0,2.0,6.0,4.0,0.0,0,10.0,1.1,1
MPM0220,2010-11-04,1,1,1,2,0,4.0,2.0,2.0,2.0,6.0,4.0,0.0,0,10.0,1.1,1
MSO0222,2010-12-09,1,1,1,2,0,4.0,2.0,2.0,2.0,3.0,4.0,0.0,0,10.0,0.8,1
