user,anomaly_score,anomaly_flag
DTAA/AAA0371,0.17933322562978016,1
DTAA/AAC0344,0.21487636035378388,1
DTAA/AAC0599,0.21366920148267043,1
DTAA/AAH0734,0.196934569581531,1
DTAA/AAK0658,0.21475330036598916,1
DTAA/AAK0924,0.17248357298841122,1
DTAA/AAR0508,0.17234616938468506,1
DTAA/AAS0709,0.12035101986663499,1
DTAA/ABB0272,-0.0587867685818636,-1
DTAA/ABD0833,0.19706365650453317,1
DTAA/ABG0179,0.19706365650453317,1
DTAA/ABH0963,0.19523316178467637,1
DTAA/ABL0836,0.15377880738853145,1
DTAA/ABS0726,-0.051727519697050806,-1
DTAA/ACD0647,0.007509751055920444,1
DTAA/ACH0803,-0.019598157117883264,-1
DTAA/ACL0865,0.17248357298841122,1
DTAA/ACM0061,0.19940503473063376,1
DTAA/ACR0400,0.1767503497353899,1
DTAA/ADR0219,0.22766549252771484,1
DTAA/AEC0750,0.20012147234410343,1
DTAA/AEG0905,0.01924756577962161,1
DTAA/AEW0730,0.2209472724982955,1
DTAA/AFD0868,0.17718775963537597,1
DTAA/AFF0760,0.022237997013907163,1
DTAA/AFG0122,0.0928633215087058,1
DTAA/AFH0331,-0.018831924125671473,-1
DTAA/AFN0918,0.04335954657177765,1
DTAA/AFO0022,0.05204310773077181,1
DTAA/AFR0646,5.709664940101167e-05,1
DTAA/AGB0091,0.21676189032694543,1
DTAA/AGF0088,0.21487636035378388,1
DTAA/AGG0562,0.22909799055818175,1
DTAA/AGW0182,-0.01830849181225458,-1
DTAA/AHD0147,0.22193009945612552,1
DTAA/AHS0926,0.21475330036598916,1
DTAA/AHV0103,0.17560471702977792,1
DTAA/AIB0797,-0.06398535493634616,-1
DTAA/AIC0321,0.23006489995993368,1
DTAA/AID0577,0.21525965763073684,1
DTAA/AJA0220,-0.050254378777873865,-1
DTAA/AJB0016,-0.1362224420782886,-1
DTAA/AJB0370,0.08063638471917117,1
DTAA/AJC0203,0.22106823746208604,1
DTAA/AJC0266,0.0032738252642874333,1
DTAA/AJC0399,-0.00607725280349769,-1
DTAA/AJM0302,0.23151420348530383,1
DTAA/AJN0804,0.06725294565571671,1
DTAA/AJP0553,-0.029268204679689713,-1
DTAA/AJS0917,0.05638178351176382,1
DTAA/AJS0978,0.22909799055818175,1
DTAA/AKA0033,0.09070472082012326,1
DTAA/AKH0067,0.23247279911782354,1
DTAA/AKM0969,0.23247279911782354,1
DTAA/AKP0173,0.23247279911782354,1
DTAA/AKS0283,-0.020727257354831607,-1
DTAA/AKW0582,0.09859815806901073,1
DTAA/ALC0244,0.23247279911782354,1
DTAA/ALK0520,0.09553282712837274,1
DTAA/ALL0155,0.15994367069830578,1
DTAA/ALN0201,0.2226138016416832,1
DTAA/ALS0087,0.2325284533281885,1
DTAA/ALW0250,0.23006489995993368,1
DTAA/ALW0694,0.19023510575866637,1
DTAA/ALW0834,0.19153939857305474,1
DTAA/AMA0191,-0.1094044155863978,-1
DTAA/AMA0606,0.09798618738013437,1
DTAA/AMD0432,0.23222813563099287,1
DTAA/AMH0101,0.23006489995993368,1
DTAA/AMM0340,0.18066276432421308,1
DTAA/AMM0661,0.23006489995993368,1
DTAA/AMM0830,0.2321109466230456,1
DTAA/AMS0897,0.1849921123967428,1
DTAA/ANC0012,0.0342382304993295,1
DTAA/ANS0172,0.22645080233670417,1
DTAA/ANW0351,0.2321109466230456,1
DTAA/AOC0511,0.2321109466230456,1
DTAA/APC0769,0.23533282895253188,1
DTAA/AQG0678,0.034884628436751774,1
DTAA/ARB0050,0.13713799454036102,1
DTAA/ARB0100,0.2216980912576318,1
DTAA/ARC0677,-0.01531614069576348,-1
DTAA/ARF0269,0.23621565961479524,1
DTAA/ARG0405,0.07670110398570862,1
DTAA/ARK0026,0.020302509915241185,1
DTAA/ARM0416,0.06876508929728553,1
DTAA/ARP0948,0.2320866375544708,1
DTAA/ARR0758,0.15827900443560866,1
DTAA/ARR0878,0.23508072428595755,1
DTAA/ARR0977,0.057179261916001534,1
DTAA/ARS0993,-0.18119766022277006,-1
DTAA/ARW0541,0.23222813563099287,1
DTAA/ASC0132,0.1435226766605161,1
DTAA/ASO0023,-0.0005263633652856647,-1
DTAA/ASP0799,0.23468944635835265,1
DTAA/ASR0539,0.2321109466230456,1
DTAA/ASS0824,0.2208240610596306,1
DTAA/ASV0049,0.0719274014350979,1
DTAA/ATJ0284,-0.01347853973168267,-1
DTAA/AUM0365,0.16430254172358766,1
DTAA/AWB0828,0.23605228538598805,1
DTAA/AXB0007,0.2321109466230456,1
DTAA/AZC0030,0.07255567238226612,1
DTAA/AZS0738,0.2321109466230456,1
DTAA/BAB0505,0.23222813563099287,1
DTAA/BAE0444,0.23222813563099287,1
DTAA/BAF0379,-0.02117519276797386,-1
DTAA/BAH0774,0.23222813563099287,1
DTAA/BAK0787,0.2321109466230456,1
DTAA/BAM0466,0.05865805355955411,1
DTAA/BBH0313,0.23222813563099287,1
DTAA/BBM0499,0.10158531064175225,1
DTAA/BBP0623,0.23194782736350478,1
DTAA/BCB0013,0.23605228538598805,1
DTAA/BCG0303,0.17492055363993964,1
DTAA/BCG0692,0.16520735228814992,1
DTAA/BCH0912,0.23194782736350478,1
DTAA/BCJ0800,0.0480454435487111,1
DTAA/BCM0558,0.19862113529228298,1
DTAA/BCM0899,0.20314370157212597,1
DTAA/BCR0547,0.23247279911782354,1
DTAA/BCS0374,0.10548516649407319,1
DTAA/BCV0109,0.10255711734426698,1
DTAA/BCW0386,0.23605228538598805,1
DTAA/BDH0038,0.12844037223601878,1
DTAA/BDI0634,0.23194782736350478,1
DTAA/BFO0438,0.1716632101158012,1
DTAA/BFO0974,0.07028244943631146,1
DTAA/BFV0911,0.23301783351475203,1
DTAA/BGF0236,0.019593080326591794,1
DTAA/BGN0054,0.23675550389588124,1
DTAA/BGV0046,0.15768148832222312,1
DTAA/BGW0009,0.09225759138183431,1
DTAA/BHH0460,0.12692140885986208,1
DTAA/BIM0736,0.23006489995993368,1
DTAA/BIR0534,-0.03092595382992802,-1
DTAA/BJC0569,0.005032135335499954,1
DTAA/BJM0311,0.23238694627806372,1
DTAA/BJM0992,-0.18245664789975935,-1
DTAA/BKH0156,0.2357729250780049,1
DTAA/BKM0116,0.10892807885350675,1
DTAA/BLB0079,0.12381913031665209,1
DTAA/BLS0098,0.15851044128914116,1
DTAA/BMK0943,0.20058595150223169,1
DTAA/BML0618,0.20046343349423035,1
DTAA/BMM0247,0.16025024041499775,1
DTAA/BMR0412,0.1257280592442358,1
DTAA/BMR0596,0.23735834162226266,1
DTAA/BMS0001,0.2406331170746226,1
DTAA/BNG0510,0.16236260413702402,1
DTAA/BNL0480,0.23735834162226266,1
DTAA/BNM0353,0.19452698614082736,1
DTAA/BNN0072,0.22244439318749465,1
DTAA/BNW0850,0.03104589834264826,1
DTAA/BPB0808,0.152669294119738,1
DTAA/BPC0533,-0.013505404032513879,-1
DTAA/BQW0149,0.23816481751451257,1
DTAA/BRB0908,0.24189907195113053,1
DTAA/BSG0869,0.24368587242055284,1
DTAA/BSM0334,0.23873818877047603,1
DTAA/BTH0004,0.14314674868416477,1
DTAA/BTH0358,0.246227664009684,1
DTAA/BTW0973,0.0002843910904738456,1
DTAA/BVM0716,0.24468365049376195,1
DTAA/BWS0872,0.14553864959911,1
DTAA/BXY0648,0.24867234929948362,1
DTAA/BYB0347,0.11064266636895381,1
DTAA/BZH0120,0.24506393126660247,1
DTAA/BZM0434,0.24595358849025356,1
DTAA/CAC0854,-0.06996196524096543,-1
DTAA/CAH0610,0.24207494479281777,1
DTAA/CAH0921,0.24698961428841354,1
DTAA/CAM0975,0.2497009365860106,1
DTAA/CAO0951,0.25060701170307487,1
DTAA/CAR0015,0.16261929948706116,1
DTAA/CAV0757,0.24595358849025356,1
DTAA/CAW0976,0.10742232274689556,1
DTAA/CBB0075,0.1809205059168555,1
DTAA/CBC0653,0.24242741717852945,1
DTAA/CBH0762,0.25060701170307487,1
DTAA/CBP0628,0.1252504419707554,1
DTAA/CBR0104,0.16543311311464398,1
DTAA/CBR0208,0.2511211752602543,1
DTAA/CBR0439,0.1681181446169306,1
DTAA/CCA0349,0.2515796036021917,1
DTAA/CCB0366,0.2497009365860106,1
DTAA/CCB0496,0.0887299881091046,1
DTAA/CCG0876,0.11068931188471592,1
DTAA/CCH0497,0.25322907374025894,1
DTAA/CCM0827,0.2047470574124972,1
DTAA/CDE0193,0.1880744791393396,1
DTAA/CDE0810,0.178125277032829,1
DTAA/CDF0585,0.25622313397141044,1
DTAA/CDK0329,0.21929720732025199,1
DTAA/CDR0453,0.1619417509309361,1
DTAA/CDS0110,0.22335771132645804,1
DTAA/CDS0300,0.2546951169159123,1
DTAA/CDZ0056,2.770333501500577e-05,1
DTAA/CEB0718,0.2585730070134318,1
DTAA/CGC0877,0.17236664505068655,1
DTAA/CGH0125,0.26061624966606345,1
DTAA/CGM0319,0.16306870195191336,1
DTAA/CGM0343,0.04358104302301691,1
DTAA/CGM0994,-0.18142752749858126,-1
DTAA/CGR0202,0.26061624966606345,1
DTAA/CGT0183,0.25412177884083115,1
DTAA/CHA0174,-0.0860917238417146,-1
DTAA/CHM0645,0.10169346170118398,1
DTAA/CHS0324,0.05833868298989642,1
DTAA/CIB0489,0.058795833996211466,1
DTAA/CJG0638,0.13599129668692744,1
DTAA/CJW0317,0.02847343563644522,1
DTAA/CKB0536,0.26083650471362124,1
DTAA/CKR0296,0.21405444801710466,1
DTAA/CKW0622,0.26061624966606345,1
DTAA/CLB0995,-0.15667493816096678,-1
DTAA/CLK0383,0.09592689013692601,1
DTAA/CLN0999,-0.15733913122989862,-1
DTAA/CLP0332,0.2306751662950413,1
DTAA/CLS0819,0.1376823769977869,1
DTAA/CMC0814,0.2582022636135228,1
DTAA/CMF0339,0.03451005260181883,1
DTAA/CMM0900,0.261214628690704,1
DTAA/CMU0028,0.26155153912962503,1
DTAA/CNB0615,0.26220842817756196,1
DTAA/CNS0950,0.220767713596566,1
DTAA/CNT0514,0.17209804866408324,1
DTAA/COS0121,-0.0290647703933814,-1
DTAA/CPM0959,0.26061624966606345,1
DTAA/CPP0761,0.08730743532905405,1
DTAA/CPS0559,0.23075714789262786,1
DTAA/CRC0996,-0.15667493816096678,-1
DTAA/CRF0074,0.2187701565705697,1
DTAA/CRJ0934,0.261214628690704,1
DTAA/CRM0058,0.15002303855986393,1
DTAA/CSA0071,0.26061624966606345,1
DTAA/CSB0363,0.2582022636135228,1
DTAA/CSC0297,-0.008463873163357838,-1
DTAA/CSD0739,0.26061624966606345,1
DTAA/CSR0189,0.17740572722626646,1
DTAA/CTF0687,0.19959418842760146,1
DTAA/CTH0082,0.15090349103519218,1
DTAA/CTH0856,0.08043195546140186,1
DTAA/CTR0537,0.10050767298062319,1
DTAA/CVW0133,0.11736872076520283,1
DTAA/CWG0305,0.014439598613088078,1
DTAA/CYK0330,0.11752045701277458,1
DTAA/CZB0163,0.21229339750303156,1
DTAA/DAG0754,0.2311260025002682,1
DTAA/DAO0613,0.08319326623296108,1
DTAA/DAR0341,0.261214628690704,1
DTAA/DAV0579,0.03256285234249712,1
DTAA/DAW0123,0.18147268838459435,1
DTAA/DAW0199,0.1355235006662318,1
DTAA/DAW0221,0.22871582115100897,1
DTAA/DBA0367,0.26224638076966067,1
DTAA/DBB0235,0.08277446107616693,1
DTAA/DBF0903,0.07573436231834751,1
DTAA/DBG0686,0.26155153912962503,1
DTAA/DBM0698,0.23509510970831704,1
DTAA/DCB0462,0.18027059131396939,1
DTAA/DCC0600,0.08758374925114276,1
DTAA/DCF0307,0.26061624966606345,1
DTAA/DCM0725,0.26155153912962503,1
DTAA/DDD0915,0.20952458578504685,1
DTAA/DDJ0535,0.26061624966606345,1
DTAA/DDK0417,-0.01906826818012397,-1
DTAA/DDW0643,0.23129332601199787,1
DTAA/DEP0563,0.261214628690704,1
DTAA/DFW0798,0.08581619608792812,1
DTAA/DFZ0063,0.04520638395612331,1
DTAA/DGM0240,0.12929532085881273,1
DTAA/DIS0382,-0.015380792098783513,-1
DTAA/DJC0162,0.2592609332148014,1
DTAA/DJW0368,0.15861492723342618,1
DTAA/DKB0409,0.26155153912962503,1
DTAA/DKR0696,0.26155153912962503,1
DTAA/DLM0723,0.15076916054027706,1
DTAA/DME0620,0.26083650471362124,1
DTAA/DMR0377,0.12276052278254196,1
DTAA/DNH0619,0.26220842817756196,1
DTAA/DNM0143,0.26083650471362124,1
DTAA/DNS0937,0.1622474623742034,1
DTAA/DOC0003,0.26220842817756196,1
DTAA/DOO0986,0.26155153912962503,1
DTAA/DRD0916,0.26155153912962503,1
DTAA/DRH0790,0.2132202592292346,1
DTAA/DRM0312,0.23465261522277914,1
DTAA/DRN0845,0.1458050705794594,1
DTAA/DRO0126,0.2134866147222529,1
DTAA/DRO0516,0.2622700126100294,1
DTAA/DRP0428,0.1127391233042424,1
DTAA/DSB0887,0.2347034689598821,1
DTAA/DSH0627,0.11094177353924534,1
DTAA/DSM0990,-0.16686057068045546,-1
DTAA/DSS0112,0.23465261522277914,1
DTAA/DST0527,0.1760964739549261,1
DTAA/DST0857,0.26083650471362124,1
DTAA/DTD0380,0.23318368334257594,1
DTAA/DWB0426,0.26224638076966067,1
DTAA/DWF0128,0.11260877893916493,1
DTAA/DXM0213,0.26155153912962503,1
DTAA/EAM0745,0.26155153912962503,1
DTAA/EAR0695,0.26224638076966067,1
DTAA/EBP0037,-0.020610828789326185,-1
DTAA/EBS0287,0.23402023181476417,1
DTAA/ECB0185,0.19825763989426598,1
DTAA/ECB0494,0.2622700126100294,1
DTAA/ECD0029,0.23579113495221404,1
DTAA/ECG0753,0.26224638076966067,1
DTAA/ECM0214,0.09410624104144966,1
DTAA/ECT0491,0.26147509732396595,1
DTAA/EDC0357,0.2622505383632274,1
DTAA/EDG0766,0.2619703587043426,1
DTAA/EDH0146,0.060214515466739615,1
DTAA/EDR0642,0.2622505383632274,1
DTAA/EDW0137,0.26061624966606345,1
DTAA/EEB0134,0.23175856281969143,1
DTAA/EEK0031,0.26147509732396595,1
DTAA/EFS0114,0.21436170958342426,1
DTAA/EGG0294,0.261214628690704,1
DTAA/EGM0401,0.07074766220501638,1
DTAA/EJB0888,0.26224638076966067,1
DTAA/EJS0513,0.23395949874359145,1
DTAA/EKB0587,0.26102790900709316,1
DTAA/ELA0741,0.12559172035074173,1
DTAA/ELD1000,-0.16741743472786763,-1
DTAA/EML0060,0.261214628690704,1
DTAA/EMM0782,0.26224638076966067,1
DTAA/EMR0242,0.09389765067509942,1
DTAA/EMZ0196,0.1109544570151299,1
DTAA/ENB0293,0.26224638076966067,1
DTAA/END0616,0.26155153912962503,1
DTAA/ENP0794,0.25176743810164753,1
DTAA/EOS0972,0.014876553044523066,1
DTAA/ERP0254,0.10683213514308965,1
DTAA/ESB0080,0.09481304467617468,1
DTAA/EWR0504,0.13732738415260576,1
DTAA/FAF0578,0.24751596732348052,1
DTAA/FCG0115,0.2618245531664342,1
DTAA/FCT0552,0.26155153912962503,1
DTAA/FDP0500,0.05706370030065633,1
DTAA/FES0933,0.26224638076966067,1
DTAA/FFP0721,0.13313292042209474,1
DTAA/FGM0119,0.2622700126100294,1
DTAA/FHM0931,0.10362487445207602,1
DTAA/FIM0668,0.2619703587043426,1
DTAA/FJC0138,0.2618245531664342,1
DTAA/FKR0550,0.004441803401616706,1
DTAA/FLC0811,0.26220842817756196,1
DTAA/FMF0197,0.2592609332148014,1
DTAA/FNO0471,0.261214628690704,1
DTAA/FTB0295,0.12719175578395903,1
DTAA/FUA0154,0.11594211721007436,1
DTAA/GBR0420,0.23330650286637122,1
DTAA/GCH0545,0.22984506146851197,1
DTAA/GDG0184,0.17719894783913365,1
DTAA/GDJ0631,0.23320724953346506,1
DTAA/GEC0077,0.2619703587043426,1
DTAA/GHB0863,0.2122805255314229,1
DTAA/GHC0041,0.026498607839495203,1
DTAA/GHS0664,0.261214628690704,1
DTAA/GJG0820,0.21311553145766504,1
DTAA/GJH0384,0.2403830352463422,1
DTAA/GKC0919,0.20503114343106538,1
DTAA/GKJ0573,0.11822244340098054,1
DTAA/GLB0715,0.16287755232674272,1
DTAA/GMF0571,0.23320724953346506,1
DTAA/GML0105,0.08794430786141344,1
DTAA/GMS0949,0.261214628690704,1
DTAA/GNB0481,0.26220842817756196,1
DTAA/GNH0394,0.1114520690371461,1
DTAA/GRC0474,0.23427100107391435,1
DTAA/GRG0693,0.04204104607553072,1
DTAA/GRS0372,0.08351143665178051,1
DTAA/GSL0697,0.07618952915761767,1
DTAA/GTJ0243,0.26147509732396595,1
DTAA/GTR0327,0.23720297329196927,1
DTAA/GVH0277,0.11181289794182198,1
DTAA/GWS0381,0.24387751469214436,1
DTAA/GYB0248,0.261214628690704,1
DTAA/GYT0279,0.11531493380888808,1
DTAA/HAG0649,0.08749284435905608,1
DTAA/HAS0430,0.23472526280327827,1
DTAA/HBB0402,0.16022645829755522,1
DTAA/HBF0035,0.23302610482455993,1
DTAA/HBL0517,0.07460741133963023,1
DTAA/HCC0258,0.14509872224397408,1
DTAA/HCG0731,-0.09680786724663482,-1
DTAA/HCJ0171,0.17688196190057776,1
DTAA/HCM0681,0.16591331506374496,1
DTAA/HCP0315,0.23340821620699898,1
DTAA/HCR0525,0.2618245531664342,1
DTAA/HCR0795,0.13353651793796123,1
DTAA/HDB0655,0.11675754864453802,1
DTAA/HDR0261,0.07149529146160283,1
DTAA/HDR0823,0.07107305458065061,1
DTAA/HED0802,0.16236028050204976,1
DTAA/HEG0785,0.2619703587043426,1
DTAA/HER0860,0.18306418634021532,1
DTAA/HFC0680,0.2618245531664342,1
DTAA/HIB0604,0.063279859867863,1
DTAA/HIP0929,0.25896401897929094,1
DTAA/HJK0057,0.23523041069473627,1
DTAA/HJP0784,0.23225160924899968,1
DTAA/HKG0503,0.26155153912962503,1
DTAA/HKM0260,0.08873674173914448,1
DTAA/HKO0796,0.26220842817756196,1
DTAA/HLA0457,0.2618245531664342,1
DTAA/HNF0812,0.01554574624857008,1
DTAA/HNK0421,0.26155153912962503,1
DTAA/HNR0891,0.19060027982768019,1
DTAA/HNS0858,0.029808863435422883,1
DTAA/HOO0224,0.261214628690704,1
DTAA/HPF0958,0.21691859858765755,1
DTAA/HPN0821,0.25896401897929094,1
DTAA/HRK0729,0.26155153912962503,1
DTAA/HRT0737,0.261288754359428,1
DTAA/HSD0519,0.11868115232656296,1
DTAA/HSH0981,0.2403830352463422,1
DTAA/HSM0389,0.23337131794222749,1
DTAA/HSR0472,0.07112417471261512,1
DTAA/HTC0607,0.029257049211378394,1
DTAA/HTG0554,0.21275867571539675,1
DTAA/HTS0265,0.011217557270126965,1
DTAA/HWG0148,0.23337131794222749,1
DTAA/IAC0264,0.26155153912962503,1
DTAA/IAG0152,0.22495310505908422,1
DTAA/IAH0822,0.2124178692942666,1
DTAA/ICB0779,0.1805122099563427,1
DTAA/ICF0629,0.21454568622838582,1
DTAA/IGB0310,0.26220842817756196,1
DTAA/IGC0415,0.16945137873164867,1
DTAA/IHD0259,0.26224638076966067,1
DTAA/IHF0040,0.2322937439119126,1
DTAA/IIR0475,0.23175856281969143,1
DTAA/IJG0454,0.26155153912962503,1
DTAA/IJJ0342,0.10844179834421919,1
DTAA/IKH0904,-0.06359656349979192,-1
DTAA/IMB0473,0.18649957958249191,1
DTAA/IMD0280,0.26155153912962503,1
DTAA/IMD0776,0.26220842817756196,1
DTAA/IMF0700,0.25986186280534246,1
DTAA/IMW0965,0.26224638076966067,1
DTAA/IRC0991,-0.17176845102642346,-1
DTAA/IRH0176,0.07914193266267344,1
DTAA/ITC0131,0.26224638076966067,1
DTAA/IVF0777,0.2622505383632274,1
DTAA/IVS0463,0.26224638076966067,1
DTAA/IWM0482,0.13904952906747942,1
DTAA/JAC0390,0.2622700126100294,1
DTAA/JAD0531,0.11552202730987826,1
DTAA/JAH0544,0.02064153638998678,1
DTAA/JAM0392,0.07640249610668048,1
DTAA/JBA0373,0.10734359809305999,1
DTAA/JBL0450,0.05668338767676728,1
DTAA/JBS0483,0.12826571148775484,1
DTAA/JBS0654,0.26220842817756196,1
DTAA/JCC0140,0.1264145330259413,1
DTAA/JCC0998,-0.17057777231741456,-1
DTAA/JCG0817,0.22499821789518915,1
DTAA/JCL0752,0.2622700126100294,1
DTAA/JCS0873,-0.027631871095333382,-1
DTAA/JCT0410,0.1352085557045219,1
DTAA/JDM0083,0.26220842817756196,1
DTAA/JDM0940,0.26155153912962503,1
DTAA/JDR0685,0.16796480468926833,1
DTAA/JFA0081,0.2622700126100294,1
DTAA/JGB0062,0.12441915551795152,1
DTAA/JGC0775,0.06403331380100086,1
DTAA/JGS0274,0.261214628690704,1
DTAA/JHA0404,0.0490421577122534,1
DTAA/JHC0703,0.17100522787952332,1
DTAA/JHD0512,0.035531633552192576,1
DTAA/JHM0408,0.13384228458841363,1
DTAA/JHN0241,0.07492529367459899,1
DTAA/JIH0640,0.2619703587043426,1
DTAA/JIP0187,0.2565737649179375,1
DTAA/JJB0720,0.26155153912962503,1
DTAA/JJR0278,0.08180790679476596,1
DTAA/JKW0464,0.261214628690704,1
DTAA/JLC0711,0.2328119873942885,1
DTAA/JLC0744,0.10945512652641642,1
DTAA/JLL0301,0.06667840690968863,1
DTAA/JLL0930,0.26220842817756196,1
DTAA/JLM0053,0.010955963878926722,1
DTAA/JLV0465,0.19682312249563516,1
DTAA/JMA0875,0.2622700126100294,1
DTAA/JMC0233,0.2320434734407365,1
DTAA/JMM0759,0.0877354674143736,1
DTAA/JMP0200,0.2619703587043426,1
DTAA/JMR0906,0.25896401897929094,1
DTAA/JMR0955,0.26224638076966067,1
DTAA/JMS0793,-0.002767642967078432,-1
DTAA/JNF0543,0.045888065294328206,1
DTAA/JPP0841,0.261214628690704,1
DTAA/JQH0724,0.2300634428448593,1
DTAA/JRM0902,0.06875998600126154,1
DTAA/JRP0458,0.26220842817756196,1
DTAA/JSB0493,0.09932756888746935,1
DTAA/JSE0020,0.1022628835613889,1
DTAA/JSH0326,0.23292045489652824,1
DTAA/JSH0598,0.2622700126100294,1
DTAA/JSW0180,0.12666942111781804,1
DTAA/JTT0989,-0.16008276130086563,-1
DTAA/JWW0076,0.26147509732396595,1
DTAA/JXC0393,0.16846437710410717,1
DTAA/JXG0567,0.26155153912962503,1
DTAA/JZO0727,0.08070763780652518,1
DTAA/JZV0159,0.261214628690704,1
DTAA/KAD0059,0.046931798327575214,1
DTAA/KAG0880,0.14096577365711654,1
DTAA/KBB0983,0.12830593846563038,1
DTAA/KBC0337,0.26155153912962503,1
DTAA/KBC0788,0.25064701800210026,1
DTAA/KBP0188,0.26147509732396595,1
DTAA/KCH0987,0.2618245531664342,1
DTAA/KCN0107,0.2521566520049295,1
DTAA/KDC0928,0.261214628690704,1
DTAA/KDL0806,0.12536933405130607,1
DTAA/KEE0997,-0.1672903426606407,-1
DTAA/KEH0055,0.2622505383632274,1
DTAA/KES0043,0.2622700126100294,1
DTAA/KFF0225,0.2272352593197633,1
DTAA/KGC0456,0.26101204389170357,1
DTAA/KGS0398,0.07043191533109405,1
DTAA/KIM0617,0.26220842817756196,1
DTAA/KIN0073,0.1533789325335459,1
DTAA/KJG0378,0.15033270414013794,1
DTAA/KJM0614,0.2287882088602447,1
DTAA/KKC0575,0.2622700126100294,1
DTAA/KKT0039,0.14162265944554425,1
DTAA/KKW0676,0.058943297600911326,1
DTAA/KKW0945,0.1317238551098709,1
DTAA/KLS0717,0.10921319627991549,1
DTAA/KMC0840,0.26174630630031237,1
DTAA/KMG0002,0.21306501109993997,1
DTAA/KMW0755,0.2235456833494372,1
DTAA/KNC0403,0.26155153912962503,1
DTAA/KNH0719,0.26220842817756196,1
DTAA/KNJ0633,0.26147509732396595,1
DTAA/KPB0665,0.16083206349206697,1
DTAA/KPC0158,0.17279239897293736,1
DTAA/KPS0299,0.26147509732396595,1
DTAA/KRC0021,0.08992654051266419,1
DTAA/KRC0455,0.1357751342492683,1
DTAA/KRD0507,0.2332112092500891,1
DTAA/KSB0673,0.07990507135322134,1
DTAA/KSO0749,0.26224638076966067,1
DTAA/KSP0927,0.08393398467429586,1
DTAA/KSW0597,0.10842895326661744,1
DTAA/KTC0285,0.2618245531664342,1
DTAA/KTM0960,0.2622700126100294,1
DTAA/KUC0848,0.2622505383632274,1
DTAA/KVH0355,0.23563966046263668,1
DTAA/KYH0920,0.26147509732396595,1
DTAA/LAH0397,0.25772283021014886,1
DTAA/LAH0710,0.2618245531664342,1
DTAA/LAL0170,0.26147509732396595,1
DTAA/LAM0952,0.26224638076966067,1
DTAA/LAT0452,0.246678528218591,1
DTAA/LAW0437,0.26224638076966067,1
DTAA/LBB0095,0.028671048174136016,1
DTAA/LBC0422,0.26224638076966067,1
DTAA/LBD0946,0.2619703587043426,1
DTAA/LCC0556,0.26155153912962503,1
DTAA/LCG0011,0.2450407407940472,1
DTAA/LCG0546,0.10453594871229754,1
DTAA/LCK0551,0.21992858553168848,1
DTAA/LCK0666,-0.02263619731534694,-1
DTAA/LCL0792,0.17262898546780964,1
DTAA/LCP0359,0.23390857377859137,1
DTAA/LDB0961,0.1685643203048499,1
DTAA/LDG0406,0.21822175459640797,1
DTAA/LDM0318,0.19249152168680383,1
DTAA/LEH0561,0.2622700126100294,1
DTAA/LGA0042,0.2583019479506978,1
DTAA/LGV0288,0.26224638076966067,1
DTAA/LIB0089,0.26147509732396595,1
DTAA/LID0942,0.12027158452249276,1
DTAA/LJB0492,0.26224638076966067,1
DTAA/LJR0772,0.09245419588934406,1
DTAA/LJU0036,0.26220842817756196,1
DTAA/LKY0181,0.03532603637078313,1
DTAA/LLB0843,0.23071383973153498,1
DTAA/LLK0316,0.26174630630031237,1
DTAA/LMH0690,0.2274234561849937,1
DTAA/LMJ0323,0.11358887663093642,1
DTAA/LND0767,0.2619703587043426,1
DTAA/LNM0509,0.26224638076966067,1
DTAA/LPB0141,0.26224638076966067,1
DTAA/LPG0099,0.07906645524829342,1
DTAA/LQA0232,0.23366256684583203,1
DTAA/LRH0747,0.07764806855823014,1
DTAA/LRS0325,0.26224638076966067,1
DTAA/LSV0944,0.16859405545106493,1
DTAA/LTB0150,0.21156907651149776,1
DTAA/LTM0418,0.045392983656794006,1
DTAA/LVC0027,0.22954107981855415,1
DTAA/LYC0672,0.26224638076966067,1
DTAA/MAB0532,0.10320065901344161,1
DTAA/MAG0290,0.11712105516377697,1
DTAA/MAH0712,0.2559628006147537,1
DTAA/MAM0947,0.2590218740793927,1
DTAA/MBD0602,0.26174630630031237,1
DTAA/MBR0166,0.2019203921618008,1
DTAA/MBZ0932,0.1706578285665481,1
DTAA/MCC0851,0.26147509732396595,1
DTAA/MCF0427,0.07782219068894547,1
DTAA/MCF0985,0.23424364812584636,1
DTAA/MCH0530,0.0003681908243612364,1
DTAA/MCM0090,0.26147509732396595,1
DTAA/MCM0346,0.07869953129287299,1
DTAA/MCR0314,0.17150746940123202,1
DTAA/MCR0375,0.19814106493665157,1
DTAA/MDC0595,0.2620020367612726,1
DTAA/MDS0742,0.2602002093111069,1
DTAA/MDT0356,0.1670015340169258,1
DTAA/MED0748,0.26155153912962503,1
DTAA/MEV0886,0.12269816880448303,1
DTAA/MFN0656,0.2622700126100294,1
DTAA/MGB0728,0.26220842817756196,1
DTAA/MGF0743,0.17630917165439558,1
DTAA/MGY0732,0.15795788665373572,1
DTAA/MHM0988,0.26174630630031237,1
DTAA/MIC0914,-0.023611041922089182,-1
DTAA/MIH0429,0.22415278776971165,1
DTAA/MIK0034,0.06607351833920194,1
DTAA/MJF0892,0.16127085670021596,1
DTAA/MJK0212,0.26147509732396595,1
DTAA/MJM0228,0.08987359710944526,1
DTAA/MJM0469,0.02580239173445975,1
DTAA/MJP0603,0.2622700126100294,1
DTAA/MKG0273,0.26224638076966067,1
DTAA/MKN0234,0.26224638076966067,1
DTAA/MLC0238,0.26224638076966067,1
DTAA/MMF0289,-0.013001982574886939,-1
DTAA/MMH0581,0.20784032746797315,1
DTAA/MMH0612,0.07890314768032725,1
DTAA/MNB0956,0.20978775582517095,1
DTAA/MND0048,0.07003036994849154,1
DTAA/MND0675,0.26220842817756196,1
DTAA/MOA0526,0.2618245531664342,1
DTAA/MPA0136,0.2622505383632274,1
DTAA/MQL0135,-0.0186618584933671,-1
DTAA/MRL0518,0.061628441347875706,1
DTAA/MRM0205,0.25896401897929094,1
DTAA/MRS0395,0.25896401897929094,1
DTAA/MSH0322,0.26224638076966067,1
DTAA/MSK0862,0.26174630630031237,1
DTAA/MSM0226,0.19717417327151632,1
DTAA/MSP0078,0.2619703587043426,1
DTAA/MST0883,0.14353525480794543,1
DTAA/MSV0506,0.15690657820434678,1
DTAA/MTC0538,0.26155153912962503,1
DTAA/MTM0239,0.22205774530875355,1
DTAA/MTS0084,0.2619703587043426,1
DTAA/MVL0885,0.2622505383632274,1
DTAA/MVP0572,0.21890463907613217,1
DTAA/MVW0630,-0.0020415653684536794,-1
DTAA/MWH0853,0.17480409623519444,1
DTAA/MWJ0837,0.26147509732396595,1
DTAA/MXM0271,0.1274497621496684,1
DTAA/MXM0838,0.08936388646605425,1
DTAA/MZB0206,0.26147509732396595,1
DTAA/MZW0111,0.09343686205415214,1
DTAA/NAC0161,0.16610685352407678,1
DTAA/NAT0252,0.18187872990086662,1
DTAA/NAW0939,0.26224638076966067,1
DTAA/NBB0501,0.25896401897929094,1
DTAA/NBT0479,0.23406760627348572,1
DTAA/NCW0246,0.23304690667307693,1
DTAA/NDH0524,0.26147509732396595,1
DTAA/NDH0807,0.10293784424414859,1
DTAA/NDM0893,0.08599315241555422,1
DTAA/NDS0490,-0.021716947704636835,-1
DTAA/NEP0644,0.2622505383632274,1
DTAA/NET0306,0.2622505383632274,1
DTAA/NFD0706,0.16096265783690056,1
DTAA/NGC0624,0.13284694301083289,1
DTAA/NHH0566,0.10092992152633423,1
DTAA/NHL0253,0.03579560420138095,1
DTAA/NHL0521,0.10955567563224511,1
DTAA/NIC0901,0.2622700126100294,1
DTAA/NJC0459,0.26147509732396595,1
DTAA/NJD0267,0.17552791581818006,1
DTAA/NJH0593,0.26224638076966067,1
DTAA/NJM0476,0.26155153912962503,1
DTAA/NJS0448,0.2306059902679417,1
DTAA/NJW0094,0.2622700126100294,1
DTAA/NKM0018,0.1829568145056366,1
DTAA/NLD0701,0.17085059889369303,1
DTAA/NMC0251,0.22526975406458333,1
DTAA/NMR0621,0.23336838153829859,1
DTAA/NNB0443,0.029618970923954824,1
DTAA/NNS0898,0.26147509732396595,1
DTAA/NQC0925,0.17552791581818006,1
DTAA/NRH0276,0.25896401897929094,1
DTAA/NRM0093,0.17063734254860768,1
DTAA/NRS0477,0.17180780256687883,1
DTAA/NSC0842,0.11752886324360584,1
DTAA/NSD0763,0.26147509732396595,1
DTAA/NSP0910,0.013888504227758003,1
DTAA/NTO0396,0.26147509732396595,1
DTAA/NWC0765,0.25828080091544847,1
DTAA/NWG0682,0.26224638076966067,1
DTAA/NWT0708,0.18413314731573183,1
DTAA/NZD0771,0.26220842817756196,1
DTAA/OAR0291,0.14658505131862465,1
DTAA/OBD0786,0.23289446882914028,1
DTAA/OBF0564,0.2619703587043426,1
DTAA/ODW0839,0.0004309275924130329,1
DTAA/OES0636,0.2622700126100294,1
DTAA/OHA0451,0.26224638076966067,1
DTAA/OHW0215,0.2182537072533462,1
DTAA/OIR0424,0.2622505383632274,1
DTAA/OJG0866,0.23869373234638724,1
DTAA/OJH0425,0.06515357916509157,1
DTAA/OKG0160,0.16809653912269146,1
DTAA/OLR0984,0.09020043342124551,1
DTAA/ONB0177,0.23439083703976876,1
DTAA/ONQ0625,0.26147509732396595,1
DTAA/ORW0580,0.26224638076966067,1
DTAA/OSH0281,0.26147509732396595,1
DTAA/OSS0859,0.2344849499314497,1
DTAA/OTS0256,0.17591571891407154,1
DTAA/OUS0565,0.19616872009543085,1
DTAA/OXC0609,0.26147509732396595,1
DTAA/OYR0801,-0.05171527097054052,-1
DTAA/OZD0789,0.26147509732396595,1
DTAA/OZM0468,0.26224638076966067,1
DTAA/PAC0722,0.26220842817756196,1
DTAA/PAG0557,0.24746299477763817,1
DTAA/PBH0441,0.128698744907984,1
DTAA/PCM0846,0.06960283995252714,1
DTAA/PCO0684,0.26147509732396595,1
DTAA/PCS0097,0.26224638076966067,1
DTAA/PDB0413,0.07927524530535213,1
DTAA/PDS0896,0.26224638076966067,1
DTAA/PFF0657,0.2622700126100294,1
DTAA/PID0096,0.2280658577273963,1
DTAA/PIG0194,0.26224638076966067,1
DTAA/PIP0746,0.009019181714180258,1
DTAA/PJL0320,0.13792823315861774,1
DTAA/PJS0809,0.1490639058729316,1
DTAA/PKH0542,0.21577356954684535,1
DTAA/PKM0092,0.1627815764017938,1
DTAA/PKM0411,0.2618245531664342,1
DTAA/PMB0702,0.08695648952766777,1
DTAA/PMG0890,0.26220842817756196,1
DTAA/PML0209,0.26224638076966067,1
DTAA/PRB0157,0.26147509732396595,1
DTAA/PRB0568,0.26147509732396595,1
DTAA/PRH0825,0.26147509732396595,1
DTAA/PRR0982,0.26174630630031237,1
DTAA/PSP0555,0.07399042888336915,1
DTAA/PTH0957,0.2482984545639358,1
DTAA/PUH0847,0.058596815263049495,1
DTAA/PVH0124,0.26224638076966067,1
DTAA/PVW0713,0.2622700126100294,1
DTAA/PXB0069,0.05751451866700619,1
DTAA/QAM0113,0.26224638076966067,1
DTAA/QCD0829,0.23492361604560197,1
DTAA/QGF0292,0.15942205336170606,1
DTAA/QGM0222,0.26147509732396595,1
DTAA/QKR0651,-0.025877675433406355,-1
DTAA/QLC0632,0.25896401897929094,1
DTAA/QLW0941,0.15742978274388453,1
DTAA/QNC0832,0.14528804257478678,1
DTAA/QNK0574,0.2529833765279182,1
DTAA/QOH0361,0.23356780674127425,1
DTAA/QVM0338,0.26224638076966067,1
DTAA/QZD0164,0.23445237306149708,1
DTAA/RAA0594,0.26147509732396595,1
DTAA/RAC0282,0.21603900825026962,1
DTAA/RAH0968,0.03602314914294624,1
DTAA/RAY0882,0.23056098717044227,1
DTAA/RBB0229,0.25028051496402487,1
DTAA/RBC0583,0.09374207400329493,1
DTAA/RBC0879,0.004034775577326011,1
DTAA/RBY0065,0.16152215370792872,1
DTAA/RCF0540,0.25896401897929094,1
DTAA/RCR0864,0.26147509732396595,1
DTAA/RCW0436,0.11665245065282753,1
DTAA/RDG0335,0.26147509732396595,1
DTAA/RDG0350,0.26155153912962503,1
DTAA/RDH0117,0.26220842817756196,1
DTAA/RDP0855,0.25896401897929094,1
DTAA/RDT0659,0.23421899175299876,1
DTAA/REK0484,0.24804536646854236,1
DTAA/RER0237,0.23509510970831704,1
DTAA/RES0962,0.018763834628505838,1
DTAA/RHP0688,0.0791181318680147,1
DTAA/RIG0024,0.12936300911999837,1
DTAA/RIM0938,0.24542360308423794,1
DTAA/RJP0286,0.2621116371147146,1
DTAA/RJP0345,0.23465261522277914,1
DTAA/RJP0874,0.26147509732396595,1
DTAA/RJW0590,0.26224638076966067,1
DTAA/RKC0190,0.26174630630031237,1
DTAA/RKC0733,0.26086991033482015,1
DTAA/RKD0255,0.2622505383632274,1
DTAA/RLC0019,0.26224638076966067,1
DTAA/RLC0442,0.035354112005789085,1
DTAA/RLE0844,0.26224638076966067,1
DTAA/RLS0935,0.2622700126100294,1
DTAA/RLS0966,0.26224638076966067,1
DTAA/RLW0861,0.25978282558060256,1
DTAA/RME0699,0.04812706485077589,1
DTAA/ROC0257,0.26224638076966067,1
DTAA/ROM0419,0.2583019479506978,1
DTAA/RQH0770,0.11531743738278988,1
DTAA/RRF0245,0.2608980126849607,1
DTAA/RRL0780,0.2348210044000762,1
DTAA/RSG0385,0.26147509732396595,1
DTAA/RSJ0328,0.2620020367612726,1
DTAA/RTH0376,0.07927524530535213,1
DTAA/RVM0826,0.26224638076966067,1
DTAA/RVS0852,0.039842793841755486,1
DTAA/RWD0210,0.21488083186515483,1
DTAA/RXE0207,0.12328806570412337,1
DTAA/RXM0204,0.21701033026306515,1
DTAA/RZW0369,0.23385231171738635,1
DTAA/SAE0683,0.1087966457229575,1
DTAA/SAH0192,0.018666469909581984,1
DTAA/SAM0954,0.14152537278015986,1
DTAA/SAO0167,0.26224638076966067,1
DTAA/SAP0304,0.11400645525541447,1
DTAA/SAS0433,0.25896401897929094,1
DTAA/SAS0601,0.2587039413639874,1
DTAA/SBB0044,0.2524944068579504,1
DTAA/SBC0360,0.26147509732396595,1
DTAA/SBH0674,0.12177630388649607,1
DTAA/SBK0108,0.26147509732396595,1
DTAA/SBM0217,0.2622505383632274,1
DTAA/SCB0529,0.2622700126100294,1
DTAA/SCJ0498,0.2337467825502808,1
DTAA/SCK0576,0.25896401897929094,1
DTAA/SCW0707,0.05590031204586898,1
DTAA/SDC0032,0.02823777166306507,1
DTAA/SDL0679,0.2594606237043806,1
DTAA/SDM0333,0.26147509732396595,1
DTAA/SDR0010,0.26147509732396595,1
DTAA/SEF0446,0.08900229108674235,1
DTAA/SER0835,0.26224638076966067,1
DTAA/SES0660,0.06586311845920223,1
DTAA/SFS0308,0.24850765389849727,1
DTAA/SGC0118,0.26101204389170357,1
DTAA/SGG0584,0.19795432203744445,1
DTAA/SGS0352,0.21668630645931042,1
DTAA/SHR0025,0.03959045772032688,1
DTAA/SHS0608,0.2583019479506978,1
DTAA/SHT0953,0.2622505383632274,1
DTAA/SIP0805,0.26147509732396595,1
DTAA/SIR0586,0.25896401897929094,1
DTAA/SJA0691,0.1283249660375152,1
DTAA/SJB0751,0.26224638076966067,1
DTAA/SJC0487,0.14950849470234573,1
DTAA/SJC0735,0.26224638076966067,1
DTAA/SJH0588,-0.0565883725309706,-1
DTAA/SJH0907,0.17561728028738294,1
DTAA/SKB0263,0.26147509732396595,1
DTAA/SKH0467,0.12736390325675695,1
DTAA/SKL0881,0.17697026041806696,1
DTAA/SKP0270,0.26224638076966067,1
DTAA/SKW0871,0.06877183418197697,1
DTAA/SLC0778,0.02750703360776019,1
DTAA/SLG0008,0.26224638076966067,1
DTAA/SLM0589,0.26174630630031237,1
DTAA/SLM0781,0.2332600545939722,1
DTAA/SMC0139,0.14768928596521447,1
DTAA/SMD0773,0.26101204389170357,1
DTAA/SML0086,0.23223476366817936,1
DTAA/SML0486,0.23475624741205237,1
DTAA/SMW0913,0.26147509732396595,1
DTAA/SND0611,0.2606208140869792,1
DTAA/SOG0461,0.26224638076966067,1
DTAA/SOM0478,0.0862694268492677,1
DTAA/SPK0818,0.07618255479686287,1
DTAA/SRN0275,0.07906429768531442,1
DTAA/SSB0151,0.26147509732396595,1
DTAA/SSC0047,0.23323483329274852,1
DTAA/SSC0387,0.2608980126849607,1
DTAA/SSH0085,0.2622700126100294,1
DTAA/SSH0144,0.15983893497404567,1
DTAA/SSV0560,0.11280169088734165,1
DTAA/SSW0815,0.25896401897929094,1
DTAA/STC0066,0.2174912851479452,1
DTAA/STF0145,0.07420820698836605,1
DTAA/SVC0175,0.26224638076966067,1
DTAA/SVM0756,0.26147509732396595,1
DTAA/SWM0768,0.2622700126100294,1
DTAA/SXH0895,0.1304027791423089,1
DTAA/TAO0639,0.09302872222928738,1
DTAA/TCH0230,0.25896401897929094,1
DTAA/TCR0218,0.20082106919679277,1
DTAA/TDW0348,0.26147509732396595,1
DTAA/TEG0502,0.26174630630031237,1
DTAA/TER0923,0.25896401897929094,1
DTAA/TFS0216,0.20935895188497622,1
DTAA/TGC0670,0.16301242492307005,1
DTAA/THB0783,0.26147509732396595,1
DTAA/THL0671,0.2268790540313816,1
DTAA/THS0006,0.25896401897929094,1
DTAA/TIW0195,0.25896401897929094,1
DTAA/TJP0714,0.18526347429860024,1
DTAA/TKG0523,0.2608598983215043,1
DTAA/TKH0211,0.04913955105351997,1
DTAA/TLB0017,0.08360818399562181,1
DTAA/TLB0831,0.25896401897929094,1
DTAA/TLV0936,0.26147509732396595,1
DTAA/TNB0740,0.07489783013358098,1
DTAA/TPC0102,0.08118713510309417,1
DTAA/TQC0249,0.17285951640771696,1
DTAA/TRB0414,0.07632194180216989,1
DTAA/TRP0068,0.26147509732396595,1
DTAA/TRT0979,0.13832355301600469,1
DTAA/TSC0431,0.26224638076966067,1
DTAA/TSM0130,0.23341718115954424,1
DTAA/TTG0637,0.2608598983215043,1
DTAA/TUA0298,0.16047619457810147,1
DTAA/TXR0884,0.26224638076966067,1
DTAA/TZB0870,0.2562237010367592,1
DTAA/UAD0165,0.2622700126100294,1
DTAA/UBB0186,0.26224638076966067,1
DTAA/UBH0964,0.234070536729777,1
DTAA/UCM0106,0.24809248360262864,1
DTAA/UGW0223,0.07944412884083685,1
DTAA/UJC0849,0.26224638076966067,1
DTAA/ULB0178,0.2096089550195408,1
DTAA/UMB0449,0.20882198868141116,1
DTAA/UMK0142,0.26147509732396595,1
DTAA/USB0641,0.2388084121729005,1
DTAA/VAH0262,0.12358934761536267,1
DTAA/VAP0168,0.2333088695283791,1
DTAA/VBW0447,0.26147509732396595,1
DTAA/VCG0663,0.08439557092035738,1
DTAA/VDP0070,0.25896401897929094,1
DTAA/VFP0669,0.057805874722609674,1
DTAA/VFS0231,0.26147509732396595,1
DTAA/VFT0014,0.26224638076966067,1
DTAA/VIR0488,0.26147509732396595,1
DTAA/VJD0704,0.25896401897929094,1
DTAA/VKB0605,0.11960244218199961,1
DTAA/VMA0051,0.09745532421220626,1
DTAA/VMF0423,0.16808288854264564,1
DTAA/VMM0309,0.14412793262225637,1
DTAA/VNM0127,0.0074566308396858405,1
DTAA/VUF0522,0.23563966046263668,1
DTAA/WAB0970,0.26147509732396595,1
DTAA/WAH0813,0.26224638076966067,1
DTAA/WBW0591,0.2622505383632274,1
DTAA/WCB0440,0.25896401897929094,1
DTAA/WCM0391,0.2563524826714485,1
DTAA/WCN0570,0.10646983914732527,1
DTAA/WDW0064,0.26147509732396595,1
DTAA/WDW0198,0.25896401897929094,1
DTAA/WDW0485,0.04230820758988796,1
DTAA/WFH0909,0.26224638076966067,1
DTAA/WFL0495,0.13547507199508596,1
DTAA/WGL0515,0.26224638076966067,1
DTAA/WJG0153,0.12448558417840783,1
DTAA/WJR0592,0.25896401897929094,1
DTAA/WKH0407,0.22684578594515054,1
DTAA/WLB0169,0.23405127995319636,1
DTAA/WMJ0364,0.09479874625024132,1
DTAA/WNS0816,0.23172076477572573,1
DTAA/WOT0549,0.05555343435579574,1
DTAA/WPH0764,0.26147509732396595,1
DTAA/WSL0470,0.23031599084426385,1
DTAA/WTA0867,0.055612531193158565,1
DTAA/WWC0894,0.26147509732396595,1
DTAA/XCB0445,0.16772981351465027,1
DTAA/XGB0052,0.2620020367612726,1
DTAA/XHN0227,0.17582878248362532,1
DTAA/XIN0791,0.23454947244833252,1
DTAA/XKR0971,0.05285962204428807,1
DTAA/XQW0354,0.0718332288972292,1
DTAA/XRP0435,0.2608980126849607,1
DTAA/XXD0650,0.26224638076966067,1
DTAA/YCB0005,0.03042437906559592,1
DTAA/YCB0967,0.26147509732396595,1
DTAA/YCD0922,0.21157129748939046,1
DTAA/YCS0667,0.2562237010367592,1
DTAA/YCV0635,0.11661021278515632,1
DTAA/YJJ0129,0.15853323197107222,1
DTAA/YLO0362,0.2620020367612726,1
DTAA/YQW0689,0.06225685457250174,1
DTAA/YSH0268,0.2620020367612726,1
DTAA/YVF0045,0.14685258409958735,1
DTAA/ZAB0889,0.03370686634130715,1
DTAA/ZBH0980,0.26147509732396595,1
DTAA/ZBM0626,0.21528013120865502,1
DTAA/ZCA0652,0.2289529052902039,1
DTAA/ZCH0336,0.26147509732396595,1
DTAA/ZGH0528,0.23402023181476417,1
DTAA/ZKE0662,0.21721801238777516,1
DTAA/ZKH0388,0.03822619207437239,1
DTAA/ZKN0548,0.26224638076966067,1
DTAA/ZRR0705,0.2594331081288498,1
