user,day,scenario,risk_probability,risk_score,actual_label,predicted_label,policy_action
MYD0978,2010-12-13,r4.2-1-MYD0978,0.9721943,97.21943,1,1,BLOCK
RAB0589,2010-09-13,r4.2-1-RAB0589,0.9721943,97.21943,1,1,BLOCK
PNL0301,2010-06-14,r4.2-2-PNL0301,0.9681674,96.81674,1,1,BLOCK
EGD0132,2010-08-02,r4.2-2-EGD0132,0.9676694,96.766945,1,1,BLOCK
FSC0601,2011-01-18,r4.2-2-FSC0601,0.96739465,96.73946,1,1,BLOCK
XHW0498,2010-08-09,r4.2-2-XHW0498,0.96739465,96.73946,1,1,BLOCK
KRL0501,2010-11-22,r4.2-2-KRL0501,0.9560045,95.60045,1,1,BLOCK
IKR0401,2010-12-27,r4.2-2-IKR0401,0.9560045,95.60045,1,1,BLOCK
JTM0223,2010-07-22,r4.2-3-JTM0223,0.9291253,92.91253,1,1,BLOCK
BBS0039,2010-08-12,r4.2-3-BBS0039,0.9256445,92.56445,1,1,BLOCK
TAP0551,2010-10-23,r4.2-1-TAP0551,0.92492366,92.49236,1,1,BLOCK
PPF0435,2011-02-09,r4.2-1-PPF0435,0.92492366,92.49236,1,1,BLOCK
JMB0308,2010-07-14,r4.2-1-JMB0308,0.92492366,92.49236,1,1,BLOCK
BSS0369,2010-09-30,r4.2-3-BSS0369,0.8452324,84.52324,1,1,ALERT + APPROVAL
DTAA/MGB0728,2011-02-08,NORMAL,0.05992151,5.9921513,0,0,ALLOW
DTAA/DTD0380,2010-10-07,NORMAL,0.05992151,5.9921513,0,0,ALLOW
DTAA/JKW0464,2010-11-15,NORMAL,0.058982484,5.898248,0,0,ALLOW
DTAA/ABH0963,2010-01-15,NORMAL,0.03923626,3.923626,0,0,ALLOW
DTAA/IAC0264,2011-03-11,NORMAL,0.03273359,3.2733588,0,0,ALLOW
DTAA/KIM0617,2010-11-19,NORMAL,0.025032083,2.5032082,0,0,ALLOW
DTAA/EAM0745,2010-10-22,NORMAL,0.019910902,1.9910902,0,0,ALLOW
DTAA/ASS0824,2010-05-17,NORMAL,0.017269358,1.7269359,0,0,ALLOW
DTAA/VFS0231,2010-03-25,NORMAL,0.013937736,1.3937736,0,0,ALLOW
DTAA/WCN0570,2010-06-07,NORMAL,0.013937736,1.3937736,0,0,ALLOW
DTAA/SDR0010,2011-03-18,NORMAL,0.013937736,1.3937736,0,0,ALLOW
DTAA/SML0086,2011-03-09,NORMAL,0.011444327,1.1444328,0,0,ALLOW
DTAA/KMW0755,2011-04-04,NORMAL,0.010222592,1.0222592,0,0,ALLOW
DTAA/SSC0387,2010-10-28,NORMAL,0.010222592,1.0222592,0,0,ALLOW
