user,http_activity_count,after_hours_activity,total_logon_events,unique_pcs,logon_count,logoff_count,after_hours_logon,total_device_events,device_pcs,device_connect_count,device_disconnect_count,after_hours_device
DTAA/AAA0371,7085,0,843,16,536,307,0.0,0.0,0.0,0.0,0.0,0.0
DTAA/AAC0344,14884,0,690,1,345,345,0.0,0.0,0.0,0.0,0.0,0.0
DTAA/AAC0599,14926,0,690,1,345,345,0.0,0.0,0.0,0.0,0.0,0.0
DTAA/AAH0734,16740,0,690,1,345,345,0.0,0.0,0.0,0.0,0.0,0.0
DTAA/AAK0658,14715,0,690,1,345,345,0.0,0.0,0.0,0.0,0.0,0.0
DTAA/AAK0924,18489,0,690,1,345,345,0.0,0.0,0.0,0.0,0.0,0.0
DTAA/AAR0508,18609,0,690,1,345,345,0.0,0.0,0.0,0.0,0.0,0.0
DTAA/AAS0709,16684,0,1004,19,639,365,0.0,0.0,0.0,0.0,0.0,0.0
DTAA/ABB0272,17309,0,1195,73,738,457,0.0,655.0,1.0,345.0,310.0,0.0
DTAA/ABD0833,16568,0,690,1,345,345,0.0,0.0,0.0,0.0,0.0,0.0
DTAA/ABG0179,16589,0,690,1,345,345,0.0,0.0,0.0,0.0,0.0,0.0
DTAA/ABH0963,16812,0,690,1,345,345,0.0,0.0,0.0,0.0,0.0,0.0
DTAA/ABL0836,20394,104,690,1,345,345,0.0,0.0,0.0,0.0,0.0,0.0
DTAA/ABS0726,18073,554,788,11,394,394,39.0,62.0,1.0,31.0,31.0,62.0
DTAA/ACD0647,20380,942,690,1,345,345,345.0,0.0,0.0,0.0,0.0,0.0
DTAA/ACH0803,16738,0,822,48,411,411,0.0,516.0,1.0,273.0,243.0,0.0
DTAA/ACL0865,18502,0,690,1,345,345,0.0,0.0,0.0,0.0,0.0,0.0
DTAA/ACM0061,16459,0,690,1,345,345,0.0,0.0,0.0,0.0,0.0,0.0
DTAA/ACR0400,18228,0,690,1,345,345,0.0,0.0,0.0,0.0,0.0,0.0
DTAA/ADR0219,12577,0,690,1,345,345,0.0,0.0,0.0,0.0,0.0,0.0
DTAA/AEC0750,16280,0,690,1,345,345,0.0,0.0,0.0,0.0,0.0,0.0
DTAA/AEG0905,20966,2533,690,1,345,345,0.0,0.0,0.0,0.0,0.0,0.0
DTAA/AEW0730,13939,0,690,1,345,345,0.0,0.0,0.0,0.0,0.0,0.0
DTAA/AFD0868,17363,77,690,1,345,345,0.0,0.0,0.0,0.0,0.0,0.0
DTAA/AFF0760,895,2,184,2,116,68,7.0,6.0,1.0,3.0,3.0,6.0
DTAA/AFG0122,12638,0,916,74,458,458,0.0,0.0,0.0,0.0,0.0,0.0
DTAA/AFH0331,18773,69,999,13,639,360,0.0,520.0,1.0,274.0,246.0,7.0
DTAA/AFN0918,15107,0,1012,18,647,365,0.0,405.0,1.0,213.0,192.0,0.0
DTAA/AFO0022,17165,228,1091,25,685,406,32.0,0.0,0.0,0.0,0.0,0.0
DTAA/AFR0646,17155,0,690,1,345,345,0.0,459.0,1.0,242.0,217.0,0.0
DTAA/AGB0091,14434,0,690,1,345,345,0.0,0.0,0.0,0.0,0.0,0.0
DTAA/AGF0088,14823,0,690,1,345,345,0.0,0.0,0.0,0.0,0.0,0.0
DTAA/AGG0562,12161,0,690,1,345,345,0.0,0.0,0.0,0.0,0.0,0.0
DTAA/AGW0182,13058,166,1224,66,744,480,16.0,352.0,1.0,185.0,167.0,22.0
DTAA/AHD0147,13308,0,690,1,345,345,0.0,0.0,0.0,0.0,0.0,0.0
DTAA/AHS0926,14734,0,690,1,345,345,0.0,0.0,0.0,0.0,0.0,0.0
DTAA/AHV0103,13383,0,950,1,605,345,0.0,0.0,0.0,0.0,0.0,0.0
DTAA/AIB0797,16732,1347,1068,1,676,392,47.0,198.0,1.0,108.0,90.0,34.0
DTAA/AIC0321,11778,0,690,1,345,345,0.0,0.0,0.0,0.0,0.0,0.0
DTAA/AID0577,14696,0,690,1,345,345,0.0,0.0,0.0,0.0,0.0,0.0
DTAA/AJA0220,13772,829,1129,18,705,424,50.0,314.0,1.0,163.0,151.0,52.0
DTAA/AJB0016,15848,1991,1135,56,709,426,3.0,589.0,1.0,310.0,279.0,158.0
DTAA/AJB0370,12924,0,987,17,626,361,0.0,198.0,1.0,104.0,94.0,0.0
DTAA/AJC0203,14134,0,690,1,345,345,0.0,0.0,0.0,0.0,0.0,0.0
DTAA/AJC0266,10825,0,1121,55,701,420,0.0,590.0,1.0,310.0,280.0,0.0
DTAA/AJC0399,486,15,189,20,114,75,6.0,69.0,1.0,35.0,34.0,4.0
DTAA/AJM0302,11074,0,690,1,345,345,0.0,0.0,0.0,0.0,0.0,0.0
DTAA/AJN0804,14069,0,1204,71,742,462,0.0,0.0,0.0,0.0,0.0,0.0
DTAA/AJP0553,13986,618,852,39,426,426,42.0,40.0,1.0,20.0,20.0,40.0
DTAA/AJS0917,13682,762,690,1,345,345,345.0,0.0,0.0,0.0,0.0,0.0
DTAA/AJS0978,12171,0,690,1,345,345,0.0,0.0,0.0,0.0,0.0,0.0
DTAA/AKA0033,13930,376,690,1,345,345,345.0,0.0,0.0,0.0,0.0,0.0
DTAA/AKH0067,10750,0,690,1,345,345,0.0,0.0,0.0,0.0,0.0,0.0
DTAA/AKM0969,10795,0,690,1,345,345,0.0,0.0,0.0,0.0,0.0,0.0
DTAA/AKP0173,10707,0,690,1,345,345,0.0,0.0,0.0,0.0,0.0,0.0
DTAA/AKS0283,13360,788,1202,45,744,458,44.0,11.0,1.0,6.0,5.0,11.0
DTAA/AKW0582,11310,411,1050,1,666,384,39.0,0.0,0.0,0.0,0.0,0.0
DTAA/ALC0244,10703,0,690,1,345,345,0.0,0.0,0.0,0.0,0.0,0.0
DTAA/ALK0520,11859,58,1141,64,712,429,0.0,0.0,0.0,0.0,0.0,0.0
DTAA/ALL0155,12877,605,690,1,345,345,0.0,0.0,0.0,0.0,0.0,0.0
DTAA/ALN0201,13098,0,690,1,345,345,0.0,0.0,0.0,0.0,0.0,0.0
DTAA/ALS0087,10929,0,690,1,345,345,0.0,0.0,0.0,0.0,0.0,0.0
DTAA/ALW0250,11723,0,690,1,345,345,0.0,0.0,0.0,0.0,0.0,0.0
DTAA/ALW0694,10450,0,966,1,621,345,0.0,0.0,0.0,0.0,0.0,0.0
DTAA/ALW0834,10659,0,971,1,626,345,0.0,0.0,0.0,0.0,0.0,0.0
DTAA/AMA0191,14316,601,1035,1,660,375,30.0,671.0,1.0,355.0,316.0,67.0
DTAA/AMA0606,9618,47,800,41,400,400,172.0,0.0,0.0,0.0,0.0,0.0
DTAA/AMD0432,10416,0,690,1,345,345,0.0,0.0,0.0,0.0,0.0,0.0
DTAA/AMH0101,11972,0,690,1,345,345,0.0,0.0,0.0,0.0,0.0,0.0
DTAA/AMM0340,12931,0,954,1,609,345,0.0,0.0,0.0,0.0,0.0,0.0
DTAA/AMM0661,11740,0,690,1,345,345,0.0,0.0,0.0,0.0,0.0,0.0
DTAA/AMM0830,10543,0,690,1,345,345,0.0,0.0,0.0,0.0,0.0,0.0
DTAA/AMS0897,11929,0,975,1,630,345,0.0,0.0,0.0,0.0,0.0,0.0
DTAA/ANC0012,13968,1958,967,1,622,345,0.0,0.0,0.0,0.0,0.0,0.0
DTAA/ANS0172,12728,0,690,1,345,345,0.0,0.0,0.0,0.0,0.0,0.0
DTAA/ANW0351,10548,0,690,1,345,345,0.0,0.0,0.0,0.0,0.0,0.0
DTAA/AOC0511,10578,0,690,1,345,345,0.0,0.0,0.0,0.0,0.0,0.0
DTAA/APC0769,9234,0,690,1,345,345,0.0,0.0,0.0,0.0,0.0,0.0
DTAA/AQG0678,1363,0,334,11,212,122,0.0,214.0,1.0,112.0,102.0,0.0
DTAA/ARB0050,12763,860,690,1,345,345,0.0,0.0,0.0,0.0,0.0,0.0
DTAA/ARB0100,9314,0,678,1,339,339,0.0,0.0,0.0,0.0,0.0,0.0
DTAA/ARC0677,12580,1980,1131,61,698,433,9.0,0.0,0.0,0.0,0.0,0.0
DTAA/ARF0269,9388,0,690,1,345,345,0.0,0.0,0.0,0.0,0.0,0.0
DTAA/ARG0405,13912,1697,690,1,345,345,0.0,0.0,0.0,0.0,0.0,0.0
DTAA/ARK0026,11224,0,712,12,356,356,0.0,460.0,1.0,242.0,218.0,0.0
DTAA/ARM0416,9409,0,971,1,626,345,0.0,346.0,1.0,181.0,165.0,0.0
DTAA/ARP0948,10656,0,690,1,345,345,0.0,0.0,0.0,0.0,0.0,0.0
DTAA/ARR0758,12831,617,690,1,345,345,0.0,0.0,0.0,0.0,0.0,0.0
DTAA/ARR0878,9102,0,690,1,345,345,0.0,0.0,0.0,0.0,0.0,0.0
DTAA/ARR0977,10873,0,1138,61,706,432,0.0,260.0,1.0,136.0,124.0,0.0
DTAA/ARS0993,5908,1136,4772,856,2386,2386,1030.0,0.0,0.0,0.0,0.0,0.0
DTAA/ARW0541,10482,0,690,1,345,345,0.0,0.0,0.0,0.0,0.0,0.0
DTAA/ASC0132,9960,0,798,44,399,399,0.0,0.0,0.0,0.0,0.0,0.0
DTAA/ASO0023,9210,553,1184,45,724,460,44.0,28.0,1.0,14.0,14.0,24.0
DTAA/ASP0799,9196,0,690,1,345,345,0.0,0.0,0.0,0.0,0.0,0.0
DTAA/ASR0539,10498,0,690,1,345,345,0.0,0.0,0.0,0.0,0.0,0.0
DTAA/ASS0824,12667,69,690,1,345,345,0.0,0.0,0.0,0.0,0.0,0.0
DTAA/ASV0049,10938,0,1057,42,659,398,0.0,69.0,1.0,37.0,32.0,0.0
DTAA/ATJ0284,10448,8,702,1,351,351,6.0,528.0,1.0,275.0,253.0,6.0
DTAA/AUM0365,10460,0,993,20,626,367,0.0,0.0,0.0,0.0,0.0,0.0
DTAA/AWB0828,9265,0,690,1,345,345,0.0,0.0,0.0,0.0,0.0,0.0
DTAA/AXB0007,10585,0,690,1,345,345,0.0,0.0,0.0,0.0,0.0,0.0
DTAA/AZC0030,10184,0,744,26,372,372,0.0,258.0,1.0,138.0,120.0,0.0
DTAA/AZS0738,10493,0,690,1,345,345,0.0,0.0,0.0,0.0,0.0,0.0
DTAA/BAB0505,10415,0,690,1,345,345,0.0,0.0,0.0,0.0,0.0,0.0
DTAA/BAE0444,10483,0,690,1,345,345,0.0,0.0,0.0,0.0,0.0,0.0
DTAA/BAF0379,10477,479,870,40,435,435,36.0,301.0,1.0,157.0,144.0,38.0
DTAA/BAH0774,10454,0,690,1,345,345,0.0,0.0,0.0,0.0,0.0,0.0
DTAA/BAK0787,10628,0,690,1,345,345,0.0,0.0,0.0,0.0,0.0,0.0
DTAA/BAM0466,13746,1080,722,17,361,361,1.0,0.0,0.0,0.0,0.0,0.0
DTAA/BBH0313,10432,0,690,1,345,345,0.0,0.0,0.0,0.0,0.0,0.0
DTAA/BBM0499,10257,0,926,63,463,463,0.0,0.0,0.0,0.0,0.0,0.0
DTAA/BBP0623,11420,0,690,1,345,345,0.0,0.0,0.0,0.0,0.0,0.0
DTAA/BCB0013,9327,0,690,1,345,345,0.0,0.0,0.0,0.0,0.0,0.0
DTAA/BCG0303,9393,65,690,1,345,345,176.0,0.0,0.0,0.0,0.0,0.0
DTAA/BCG0692,10480,66,690,1,345,345,182.0,0.0,0.0,0.0,0.0,0.0
DTAA/BCH0912,11403,0,690,1,345,345,0.0,0.0,0.0,0.0,0.0,0.0
DTAA/BCJ0800,11561,0,742,24,371,371,0.0,340.0,1.0,178.0,162.0,0.0
DTAA/BCM0558,9155,0,972,1,627,345,0.0,0.0,0.0,0.0,0.0,0.0
DTAA/BCM0899,11336,305,690,1,345,345,0.0,0.0,0.0,0.0,0.0,0.0
DTAA/BCR0547,10719,0,690,1,345,345,0.0,0.0,0.0,0.0,0.0,0.0
DTAA/BCS0374,12751,1146,690,1,345,345,0.0,0.0,0.0,0.0,0.0,0.0
DTAA/BCV0109,10623,351,690,1,345,345,345.0,0.0,0.0,0.0,0.0,0.0
DTAA/BCW0386,9316,0,690,1,345,345,0.0,0.0,0.0,0.0,0.0,0.0
DTAA/BDH0038,8536,0,1106,49,691,415,0.0,0.0,0.0,0.0,0.0,0.0
DTAA/BDI0634,11442,0,690,1,345,345,0.0,0.0,0.0,0.0,0.0,0.0
DTAA/BFO0438,11700,30,690,1,345,345,172.0,0.0,0.0,0.0,0.0,0.0
DTAA/BFO0974,1874,102,220,1,110,110,110.0,0.0,0.0,0.0,0.0,0.0
DTAA/BFV0911,10160,0,690,1,345,345,0.0,0.0,0.0,0.0,0.0,0.0
DTAA/BGF0236,9113,0,977,1,632,345,0.0,592.0,1.0,312.0,280.0,0.0
DTAA/BGN0054,7528,0,690,1,345,345,0.0,0.0,0.0,0.0,0.0,0.0
DTAA/BGV0046,9654,0,1003,26,633,370,0.0,0.0,0.0,0.0,0.0,0.0
DTAA/BGW0009,519,0,118,1,59,59,0.0,0.0,0.0,0.0,0.0,0.0
DTAA/BHH0460,2292,0,282,1,141,141,0.0,0.0,0.0,0.0,0.0,0.0
DTAA/BIM0736,11768,0,690,1,345,345,0.0,0.0,0.0,0.0,0.0,0.0
DTAA/BIR0534,9176,726,1300,63,791,509,46.0,16.0,1.0,8.0,8.0,16.0
DTAA/BJC0569,9650,28,957,1,612,345,166.0,447.0,1.0,238.0,209.0,1.0
DTAA/BJM0311,10972,0,690,1,345,345,0.0,0.0,0.0,0.0,0.0,0.0
DTAA/BJM0992,5532,1283,4906,866,2453,2453,1054.0,0.0,0.0,0.0,0.0,0.0
DTAA/BKH0156,9553,0,690,1,345,345,0.0,0.0,0.0,0.0,0.0,0.0
DTAA/BKM0116,10287,0,1139,62,711,428,0.0,0.0,0.0,0.0,0.0,0.0
DTAA/BLB0079,7710,0,1144,62,710,434,0.0,0.0,0.0,0.0,0.0,0.0
DTAA/BLS0098,10024,0,754,32,377,377,0.0,0.0,0.0,0.0,0.0,0.0
DTAA/BMK0943,7647,0,973,1,628,345,0.0,0.0,0.0,0.0,0.0,0.0
DTAA/BML0618,8909,371,690,1,345,345,0.0,0.0,0.0,0.0,0.0,0.0
DTAA/BMM0247,2711,0,518,17,259,259,0.0,0.0,0.0,0.0,0.0,0.0
DTAA/BMR0412,5253,0,1189,62,735,454,0.0,0.0,0.0,0.0,0.0,0.0
DTAA/BMR0596,7319,0,690,1,345,345,0.0,0.0,0.0,0.0,0.0,0.0
DTAA/BMS0001,6567,0,690,1,345,345,0.0,0.0,0.0,0.0,0.0,0.0
DTAA/BNG0510,8033,677,690,1,345,345,0.0,0.0,0.0,0.0,0.0,0.0
DTAA/BNL0480,7342,0,690,1,345,345,0.0,0.0,0.0,0.0,0.0,0.0
DTAA/BNM0353,8095,34,977,1,632,345,0.0,0.0,0.0,0.0,0.0,0.0
DTAA/BNN0072,8120,161,690,1,345,345,0.0,0.0,0.0,0.0,0.0,0.0
DTAA/BNW0850,1584,4,272,1,136,136,0.0,83.0,1.0,43.0,40.0,2.0
DTAA/BPB0808,4725,0,1092,49,677,415,0.0,0.0,0.0,0.0,0.0,0.0
DTAA/BPC0533,7428,600,1104,55,686,418,0.0,332.0,1.0,175.0,157.0,44.0
DTAA/BQW0149,7239,0,690,1,345,345,0.0,0.0,0.0,0.0,0.0,0.0
DTAA/BRB0908,6491,0,690,1,345,345,0.0,0.0,0.0,0.0,0.0,0.0
DTAA/BSG0869,6461,0,690,1,345,345,0.0,0.0,0.0,0.0,0.0,0.0
DTAA/BSM0334,7103,0,690,1,345,345,0.0,0.0,0.0,0.0,0.0,0.0
DTAA/BTH0004,1120,0,331,1,214,117,0.0,0.0,0.0,0.0,0.0,0.0
DTAA/BTH0358,5794,0,690,1,345,345,0.0,0.0,0.0,0.0,0.0,0.0
DTAA/BTW0973,7196,863,1094,1,683,411,65.0,32.0,1.0,16.0,16.0,32.0
DTAA/BVM0716,6318,0,690,1,345,345,0.0,0.0,0.0,0.0,0.0,0.0
DTAA/BWS0872,5992,27,1080,50,673,407,0.0,0.0,0.0,0.0,0.0,0.0
DTAA/BXY0648,5065,0,690,1,345,345,0.0,0.0,0.0,0.0,0.0,0.0
DTAA/BYB0347,5636,0,967,1,622,345,0.0,131.0,1.0,68.0,63.0,0.0
DTAA/BZH0120,6244,0,690,1,345,345,0.0,0.0,0.0,0.0,0.0,0.0
DTAA/BZM0434,5654,0,690,1,345,345,0.0,0.0,0.0,0.0,0.0,0.0
DTAA/CAC0854,7390,700,996,12,638,358,0.0,519.0,1.0,272.0,247.0,99.0
DTAA/CAH0610,6039,58,690,1,345,345,0.0,0.0,0.0,0.0,0.0,0.0
DTAA/CAH0921,5402,0,690,1,345,345,0.0,0.0,0.0,0.0,0.0,0.0
DTAA/CAM0975,4720,0,690,1,345,345,0.0,0.0,0.0,0.0,0.0,0.0
DTAA/CAO0951,4548,0,690,1,345,345,0.0,0.0,0.0,0.0,0.0,0.0
DTAA/CAR0015,5225,39,970,1,625,345,182.0,0.0,0.0,0.0,0.0,0.0
DTAA/CAV0757,5722,0,690,1,345,345,0.0,0.0,0.0,0.0,0.0,0.0
DTAA/CAW0976,5186,0,955,1,610,345,0.0,209.0,1.0,110.0,99.0,0.0
DTAA/CBB0075,6989,308,972,1,627,345,0.0,0.0,0.0,0.0,0.0,0.0
DTAA/CBC0653,5747,39,690,1,345,345,0.0,0.0,0.0,0.0,0.0,0.0
DTAA/CBH0762,4437,0,690,1,345,345,0.0,0.0,0.0,0.0,0.0,0.0
DTAA/CBP0628,6833,320,690,1,345,345,345.0,0.0,0.0,0.0,0.0,0.0
DTAA/CBR0104,5603,203,1009,23,642,367,0.0,0.0,0.0,0.0,0.0,0.0
DTAA/CBR0208,4364,0,690,1,345,345,0.0,0.0,0.0,0.0,0.0,0.0
DTAA/CBR0439,5963,447,972,1,627,345,0.0,0.0,0.0,0.0,0.0,0.0
DTAA/CCA0349,4096,0,690,1,345,345,0.0,0.0,0.0,0.0,0.0,0.0
DTAA/CCB0366,4690,0,690,1,345,345,0.0,0.0,0.0,0.0,0.0,0.0
DTAA/CCB0496,3444,0,975,1,630,345,0.0,398.0,1.0,210.0,188.0,0.0
DTAA/CCG0876,3946,0,988,18,626,362,0.0,326.0,1.0,171.0,155.0,0.0
DTAA/CCH0497,4040,0,690,1,345,345,0.0,0.0,0.0,0.0,0.0,0.0
DTAA/CCM0827,2212,9,841,17,535,306,0.0,0.0,0.0,0.0,0.0,0.0
DTAA/CDE0193,3839,0,1023,26,650,373,0.0,0.0,0.0,0.0,0.0,0.0
DTAA/CDE0810,4418,398,974,1,629,345,0.0,0.0,0.0,0.0,0.0,0.0
DTAA/CDF0585,3489,0,690,1,345,345,0.0,0.0,0.0,0.0,0.0,0.0
DTAA/CDK0329,3801,0,720,15,360,360,0.0,0.0,0.0,0.0,0.0,0.0
DTAA/CDR0453,3282,109,690,1,345,345,345.0,0.0,0.0,0.0,0.0,0.0
DTAA/CDS0110,3822,0,975,1,630,345,0.0,0.0,0.0,0.0,0.0,0.0
DTAA/CDS0300,3614,0,690,1,345,345,0.0,0.0,0.0,0.0,0.0,0.0
DTAA/CDZ0056,3332,112,1342,66,813,529,65.0,159.0,1.0,82.0,77.0,30.0
DTAA/CEB0718,2887,0,690,1,345,345,0.0,0.0,0.0,0.0,0.0,0.0
DTAA/CGC0877,4673,747,690,1,345,345,0.0,0.0,0.0,0.0,0.0,0.0
DTAA/CGH0125,2799,0,690,1,345,345,0.0,0.0,0.0,0.0,0.0,0.0
DTAA/CGM0319,3475,0,1097,48,684,413,0.0,0.0,0.0,0.0,0.0,0.0
DTAA/CGM0343,3484,0,1247,89,764,483,0.0,253.0,1.0,134.0,119.0,0.0
DTAA/CGM0994,2005,475,5110,935,2555,2555,1069.0,0.0,0.0,0.0,0.0,0.0
DTAA/CGR0202,2686,0,690,1,345,345,0.0,0.0,0.0,0.0,0.0,0.0
DTAA/CGT0183,3922,0,690,1,345,345,0.0,0.0,0.0,0.0,0.0,0.0
DTAA/CHA0174,2999,191,1276,72,779,497,42.0,654.0,1.0,344.0,310.0,63.0
DTAA/CHM0645,2829,0,826,49,413,413,0.0,260.0,1.0,134.0,126.0,0.0
DTAA/CHS0324,3189,126,1090,15,686,404,38.0,45.0,1.0,23.0,22.0,45.0
DTAA/CIB0489,6,0,8,1,4,4,0.0,0.0,0.0,0.0,0.0,0.0
DTAA/CJG0638,2272,0,1198,72,740,458,0.0,0.0,0.0,0.0,0.0,0.0
DTAA/CJW0317,3074,0,1185,70,729,456,0.0,516.0,1.0,272.0,244.0,0.0
DTAA/CKB0536,2402,0,690,1,345,345,0.0,0.0,0.0,0.0,0.0,0.0
DTAA/CKR0296,3574,121,953,1,608,345,0.0,0.0,0.0,0.0,0.0,0.0
DTAA/CKW0622,2622,0,690,1,345,345,0.0,0.0,0.0,0.0,0.0,0.0
DTAA/CLB0995,1539,353,4836,851,2418,2418,1023.0,0.0,0.0,0.0,0.0,0.0
DTAA/CLK0383,2724,58,1090,18,684,406,41.0,20.0,1.0,10.0,10.0,20.0
DTAA/CLN0999,1322,360,4908,869,2454,2454,1029.0,0.0,0.0,0.0,0.0,0.0
DTAA/CLP0332,2269,0,974,1,629,345,0.0,0.0,0.0,0.0,0.0,0.0
DTAA/CLS0819,2575,0,690,1,345,345,0.0,65.0,1.0,34.0,31.0,0.0
DTAA/CMC0814,2967,0,690,1,345,345,0.0,0.0,0.0,0.0,0.0,0.0
DTAA/CMF0339,3050,359,1112,18,698,414,204.0,25.0,1.0,13.0,12.0,23.0
DTAA/CMM0900,2350,0,690,1,345,345,0.0,0.0,0.0,0.0,0.0,0.0
DTAA/CMU0028,2128,0,690,1,345,345,0.0,0.0,0.0,0.0,0.0,0.0
DTAA/CNB0615,1976,0,690,1,345,345,0.0,0.0,0.0,0.0,0.0,0.0
DTAA/CNS0950,3040,361,690,1,345,345,0.0,0.0,0.0,0.0,0.0,0.0
DTAA/CNT0514,2288,63,690,1,345,345,345.0,0.0,0.0,0.0,0.0,0.0
DTAA/COS0121,2155,300,1284,62,778,506,54.0,222.0,1.0,115.0,107.0,85.0
DTAA/CPM0959,2690,0,690,1,345,345,0.0,0.0,0.0,0.0,0.0,0.0
DTAA/CPP0761,2584,0,702,7,351,351,0.0,329.0,1.0,173.0,156.0,0.0
DTAA/CPS0559,2354,0,974,1,629,345,0.0,0.0,0.0,0.0,0.0,0.0
DTAA/CRC0996,1377,358,4830,859,2415,2415,1041.0,0.0,0.0,0.0,0.0,0.0
DTAA/CRF0074,2660,102,965,1,620,345,0.0,0.0,0.0,0.0,0.0,0.0
DTAA/CRJ0934,2322,0,690,1,345,345,0.0,0.0,0.0,0.0,0.0,0.0
DTAA/CRM0058,710,1,342,1,171,171,0.0,0.0,0.0,0.0,0.0,0.0
DTAA/CSA0071,2598,0,690,1,345,345,0.0,0.0,0.0,0.0,0.0,0.0
DTAA/CSB0363,2900,0,690,1,345,345,0.0,0.0,0.0,0.0,0.0,0.0
DTAA/CSC0297,2255,97,1035,11,657,378,364.0,463.0,1.0,244.0,219.0,11.0
DTAA/CSD0739,2553,0,690,1,345,345,0.0,0.0,0.0,0.0,0.0,0.0
DTAA/CSR0189,2223,57,766,5,383,383,199.0,0.0,0.0,0.0,0.0,0.0
DTAA/CTF0687,2737,75,788,1,394,394,49.0,0.0,0.0,0.0,0.0,0.0
DTAA/CTH0082,3186,390,804,9,402,402,49.0,0.0,0.0,0.0,0.0,0.0
DTAA/CTH0856,2144,107,804,1,402,402,48.0,263.0,1.0,137.0,126.0,0.0
DTAA/CTR0537,796,0,741,1,477,264,4.0,8.0,1.0,4.0,4.0,8.0
DTAA/CVW0133,2737,0,1054,36,670,384,0.0,205.0,1.0,108.0,97.0,0.0
DTAA/CWG0305,3032,467,1081,14,670,411,52.0,113.0,1.0,59.0,54.0,62.0
DTAA/CYK0330,2555,0,1089,49,677,412,0.0,201.0,1.0,105.0,96.0,0.0
DTAA/CZB0163,1818,20,690,1,345,345,183.0,0.0,0.0,0.0,0.0,0.0
DTAA/DAG0754,2273,0,973,1,628,345,0.0,0.0,0.0,0.0,0.0,0.0
DTAA/DAO0613,1519,45,818,59,409,409,327.0,0.0,0.0,0.0,0.0,0.0
DTAA/DAR0341,2311,0,690,1,345,345,0.0,0.0,0.0,0.0,0.0,0.0
DTAA/DAV0579,1946,0,974,1,629,345,0.0,652.0,1.0,345.0,307.0,0.0
DTAA/DAW0123,831,0,440,1,220,220,0.0,0.0,0.0,0.0,0.0,0.0
DTAA/DAW0199,444,0,292,1,146,146,0.0,0.0,0.0,0.0,0.0,0.0
DTAA/DAW0221,2608,122,720,1,360,360,15.0,0.0,0.0,0.0,0.0,0.0
DTAA/DBA0367,1818,0,690,1,345,345,0.0,0.0,0.0,0.0,0.0,0.0
DTAA/DBB0235,2421,0,1036,38,648,388,0.0,470.0,1.0,247.0,223.0,0.0
DTAA/DBF0903,1963,0,1193,63,740,453,0.0,329.0,1.0,172.0,157.0,0.0
DTAA/DBG0686,2209,0,690,1,345,345,0.0,0.0,0.0,0.0,0.0,0.0
DTAA/DBM0698,1771,0,961,1,616,345,0.0,0.0,0.0,0.0,0.0,0.0
DTAA/DCB0462,3162,222,1005,20,640,365,0.0,0.0,0.0,0.0,0.0,0.0
DTAA/DCC0600,2281,0,826,62,413,413,0.0,144.0,1.0,74.0,70.0,0.0
DTAA/DCF0307,2583,0,690,1,345,345,0.0,0.0,0.0,0.0,0.0,0.0
DTAA/DCM0725,2223,0,690,1,345,345,0.0,0.0,0.0,0.0,0.0,0.0
DTAA/DDD0915,2761,27,1005,14,644,361,0.0,0.0,0.0,0.0,0.0,0.0
DTAA/DDJ0535,2559,0,690,1,345,345,0.0,0.0,0.0,0.0,0.0,0.0
DTAA/DDK0417,2379,208,1278,70,775,503,43.0,411.0,1.0,219.0,192.0,28.0
DTAA/DDW0643,2419,0,970,1,625,345,0.0,0.0,0.0,0.0,0.0,0.0
DTAA/DEP0563,2276,0,690,1,345,345,0.0,0.0,0.0,0.0,0.0,0.0
DTAA/DFW0798,2221,0,954,1,609,345,0.0,456.0,1.0,239.0,217.0,0.0
DTAA/DFZ0063,1685,142,1080,8,673,407,51.0,63.0,1.0,32.0,31.0,62.0
DTAA/DGM0240,2062,0,1206,72,742,464,0.0,0.0,0.0,0.0,0.0,0.0
DTAA/DIS0382,1930,75,1136,15,703,433,63.0,619.0,1.0,326.0,293.0,28.0
DTAA/DJC0162,2768,10,690,1,345,345,0.0,0.0,0.0,0.0,0.0,0.0
DTAA/DJW0368,2364,139,1064,1,673,391,41.0,0.0,0.0,0.0,0.0,0.0
DTAA/DKB0409,2120,0,690,1,345,345,0.0,0.0,0.0,0.0,0.0,0.0
DTAA/DKR0696,2113,0,690,1,345,345,0.0,0.0,0.0,0.0,0.0,0.0
DTAA/DLM0723,1961,0,922,68,461,461,0.0,0.0,0.0,0.0,0.0,0.0
DTAA/DME0620,2465,0,690,1,345,345,0.0,0.0,0.0,0.0,0.0,0.0
DTAA/DMR0377,2434,29,1214,67,748,466,0.0,0.0,0.0,0.0,0.0,0.0
DTAA/DNH0619,1947,0,690,1,345,345,0.0,0.0,0.0,0.0,0.0,0.0
DTAA/DNM0143,2389,0,690,1,345,345,0.0,0.0,0.0,0.0,0.0,0.0
DTAA/DNS0937,2312,0,1149,56,718,431,0.0,0.0,0.0,0.0,0.0,0.0
DTAA/DOC0003,1975,0,690,1,345,345,0.0,0.0,0.0,0.0,0.0,0.0
DTAA/DOO0986,2209,0,690,1,345,345,0.0,0.0,0.0,0.0,0.0,0.0
DTAA/DRD0916,2204,0,690,1,345,345,0.0,0.0,0.0,0.0,0.0,0.0
DTAA/DRH0790,2421,6,690,1,345,345,177.0,0.0,0.0,0.0,0.0,0.0
DTAA/DRM0312,1799,0,971,1,626,345,0.0,0.0,0.0,0.0,0.0,0.0
DTAA/DRN0845,2178,0,1190,63,736,454,0.0,0.0,0.0,0.0,0.0,0.0
DTAA/DRO0126,2153,0,988,18,626,362,0.0,0.0,0.0,0.0,0.0,0.0
DTAA/DRO0516,1889,0,690,1,345,345,0.0,0.0,0.0,0.0,0.0,0.0
DTAA/DRP0428,1918,14,1132,59,703,429,196.0,0.0,0.0,0.0,0.0,0.0
DTAA/DSB0887,2283,0,712,12,356,356,0.0,0.0,0.0,0.0,0.0,0.0
DTAA/DSH0627,2491,95,728,1,364,364,18.0,18.0,1.0,9.0,9.0,18.0
DTAA/DSM0990,1299,279,4986,886,2493,2493,1067.0,0.0,0.0,0.0,0.0,0.0
DTAA/DSS0112,1754,0,971,1,626,345,0.0,0.0,0.0,0.0,0.0,0.0
DTAA/DST0527,1727,47,690,1,345,345,345.0,0.0,0.0,0.0,0.0,0.0
DTAA/DST0857,2403,0,690,1,345,345,0.0,0.0,0.0,0.0,0.0,0.0
DTAA/DTD0380,2162,0,972,1,627,345,0.0,0.0,0.0,0.0,0.0,0.0
DTAA/DWB0426,1754,0,690,1,345,345,0.0,0.0,0.0,0.0,0.0,0.0
DTAA/DWF0128,390,0,445,35,275,170,0.0,0.0,0.0,0.0,0.0,0.0
DTAA/DXM0213,2169,0,690,1,345,345,0.0,0.0,0.0,0.0,0.0,0.0
DTAA/EAM0745,2135,0,690,1,345,345,0.0,0.0,0.0,0.0,0.0,0.0
DTAA/EAR0695,1779,0,690,1,345,345,0.0,0.0,0.0,0.0,0.0,0.0
DTAA/EBP0037,2309,102,724,18,362,362,345.0,470.0,1.0,247.0,223.0,12.0
DTAA/EBS0287,1503,0,972,1,627,345,0.0,0.0,0.0,0.0,0.0,0.0
DTAA/ECB0185,2110,0,766,36,383,383,0.0,0.0,0.0,0.0,0.0,0.0
DTAA/ECB0494,1891,0,690,1,345,345,0.0,0.0,0.0,0.0,0.0,0.0
DTAA/ECD0029,2129,132,668,1,334,334,0.0,0.0,0.0,0.0,0.0,0.0
DTAA/ECG0753,1771,0,690,1,345,345,0.0,0.0,0.0,0.0,0.0,0.0
DTAA/ECM0214,1797,0,1142,64,713,429,0.0,142.0,1.0,75.0,67.0,0.0
DTAA/ECT0491,1591,0,690,1,345,345,0.0,0.0,0.0,0.0,0.0,0.0
DTAA/EDC0357,1860,0,690,1,345,345,0.0,0.0,0.0,0.0,0.0,0.0
DTAA/EDG0766,2020,0,690,1,345,345,0.0,0.0,0.0,0.0,0.0,0.0
DTAA/EDH0146,2624,38,1150,64,717,433,0.0,389.0,1.0,206.0,183.0,7.0
DTAA/EDR0642,1855,0,690,1,345,345,0.0,0.0,0.0,0.0,0.0,0.0
DTAA/EDW0137,2688,0,690,1,345,345,0.0,0.0,0.0,0.0,0.0,0.0
DTAA/EEB0134,2095,0,975,1,630,345,0.0,0.0,0.0,0.0,0.0,0.0
DTAA/EEK0031,1510,0,690,1,345,345,0.0,0.0,0.0,0.0,0.0,0.0
DTAA/EFS0114,2650,6,690,1,345,345,163.0,0.0,0.0,0.0,0.0,0.0
DTAA/EGG0294,2356,0,690,1,345,345,0.0,0.0,0.0,0.0,0.0,0.0
DTAA/EGM0401,2471,11,1007,18,643,364,182.0,120.0,1.0,65.0,55.0,2.0
DTAA/EJB0888,1772,0,690,1,345,345,0.0,0.0,0.0,0.0,0.0,0.0
DTAA/EJS0513,1883,0,969,1,624,345,0.0,0.0,0.0,0.0,0.0,0.0
DTAA/EKB0587,2388,0,690,1,345,345,0.0,0.0,0.0,0.0,0.0,0.0
DTAA/ELA0741,2186,0,969,1,624,345,0.0,187.0,1.0,98.0,89.0,0.0
DTAA/ELD1000,1640,429,4900,877,2450,2450,1091.0,0.0,0.0,0.0,0.0,0.0
DTAA/EML0060,2342,0,690,1,345,345,0.0,0.0,0.0,0.0,0.0,0.0
DTAA/EMM0782,1784,0,690,1,345,345,0.0,0.0,0.0,0.0,0.0,0.0
DTAA/EMR0242,2196,122,834,13,417,417,60.0,71.0,1.0,38.0,33.0,0.0
DTAA/EMZ0196,2319,0,1054,42,656,398,0.0,319.0,1.0,168.0,151.0,0.0
DTAA/ENB0293,1767,0,690,1,345,345,0.0,0.0,0.0,0.0,0.0,0.0
DTAA/END0616,2175,0,690,1,345,345,0.0,0.0,0.0,0.0,0.0,0.0
DTAA/ENP0794,2540,83,690,1,345,345,0.0,0.0,0.0,0.0,0.0,0.0
DTAA/EOS0972,1836,134,1242,56,762,480,52.0,56.0,1.0,28.0,28.0,56.0
DTAA/ERP0254,1927,0,768,37,384,384,0.0,200.0,1.0,105.0,95.0,0.0
DTAA/ESB0080,2291,0,965,6,615,350,0.0,400.0,1.0,212.0,188.0,0.0
DTAA/EWR0504,1758,0,987,15,627,360,0.0,65.0,1.0,34.0,31.0,0.0
DTAA/FAF0578,2604,150,690,1,345,345,0.0,0.0,0.0,0.0,0.0,0.0
DTAA/FCG0115,2084,0,690,1,345,345,0.0,0.0,0.0,0.0,0.0,0.0
DTAA/FCT0552,2103,0,690,1,345,345,0.0,0.0,0.0,0.0,0.0,0.0
DTAA/FDP0500,2330,0,1150,74,716,434,0.0,460.0,1.0,245.0,215.0,0.0
DTAA/FES0933,1756,0,690,1,345,345,0.0,0.0,0.0,0.0,0.0,0.0
DTAA/FFP0721,1911,0,994,20,628,366,0.0,248.0,1.0,133.0,115.0,0.0
DTAA/FGM0119,1918,0,690,1,345,345,0.0,0.0,0.0,0.0,0.0,0.0
DTAA/FHM0931,2255,116,720,15,360,360,0.0,69.0,1.0,36.0,33.0,9.0
DTAA/FIM0668,2033,0,690,1,345,345,0.0,0.0,0.0,0.0,0.0,0.0
DTAA/FJC0138,2074,0,690,1,345,345,0.0,0.0,0.0,0.0,0.0,0.0
DTAA/FKR0550,2091,200,1211,53,746,465,242.0,292.0,1.0,155.0,137.0,26.0
DTAA/FLC0811,1985,0,690,1,345,345,0.0,0.0,0.0,0.0,0.0,0.0
DTAA/FMF0197,2560,11,690,1,345,345,0.0,0.0,0.0,0.0,0.0,0.0
DTAA/FNO0471,2283,0,690,1,345,345,0.0,0.0,0.0,0.0,0.0,0.0
DTAA/FTB0295,391,0,254,1,127,127,0.0,0.0,0.0,0.0,0.0,0.0
DTAA/FUA0154,2043,0,1073,40,677,396,0.0,132.0,1.0,69.0,63.0,0.0
DTAA/GBR0420,1734,0,975,1,630,345,0.0,0.0,0.0,0.0,0.0,0.0
DTAA/GCH0545,2629,314,690,1,345,345,0.0,0.0,0.0,0.0,0.0,0.0
DTAA/GDG0184,2023,0,1064,41,669,395,0.0,0.0,0.0,0.0,0.0,0.0
DTAA/GDJ0631,2075,0,970,1,625,345,0.0,0.0,0.0,0.0,0.0,0.0
DTAA/GEC0077,2040,0,690,1,345,345,0.0,0.0,0.0,0.0,0.0,0.0
DTAA/GHB0863,1938,0,993,19,627,366,0.0,0.0,0.0,0.0,0.0,0.0
DTAA/GHC0041,2770,70,984,16,624,360,345.0,322.0,1.0,171.0,151.0,3.0
DTAA/GHS0664,2310,0,690,1,345,345,0.0,0.0,0.0,0.0,0.0,0.0
DTAA/GJG0820,1964,9,690,1,345,345,186.0,0.0,0.0,0.0,0.0,0.0
DTAA/GJH0384,2549,213,690,1,345,345,0.0,0.0,0.0,0.0,0.0,0.0
DTAA/GKC0919,2763,164,740,9,370,370,17.0,0.0,0.0,0.0,0.0,0.0
DTAA/GKJ0573,2045,0,690,1,345,345,0.0,192.0,1.0,102.0,90.0,0.0
DTAA/GLB0715,1883,0,1140,57,710,430,0.0,0.0,0.0,0.0,0.0,0.0
DTAA/GMF0571,2034,0,970,1,625,345,0.0,0.0,0.0,0.0,0.0,0.0
DTAA/GML0105,773,19,812,24,515,297,8.0,18.0,1.0,9.0,9.0,16.0
DTAA/GMS0949,2247,0,690,1,345,345,0.0,0.0,0.0,0.0,0.0,0.0
DTAA/GNB0481,1969,0,690,1,345,345,0.0,0.0,0.0,0.0,0.0,0.0
DTAA/GNH0394,1885,0,1044,36,661,383,0.0,323.0,1.0,169.0,154.0,0.0
DTAA/GRC0474,1693,0,971,1,626,345,0.0,0.0,0.0,0.0,0.0,0.0
DTAA/GRG0693,2364,128,768,1,384,384,38.0,311.0,1.0,166.0,145.0,28.0
DTAA/GRS0372,1658,12,1131,52,702,429,14.0,273.0,1.0,144.0,129.0,20.0
DTAA/GSL0697,2274,0,750,27,375,375,0.0,397.0,1.0,209.0,188.0,0.0
DTAA/GTJ0243,1432,0,690,1,345,345,0.0,0.0,0.0,0.0,0.0,0.0
DTAA/GTR0327,2689,234,690,1,345,345,0.0,0.0,0.0,0.0,0.0,0.0
DTAA/GVH0277,1923,0,722,15,361,361,0.0,265.0,1.0,139.0,126.0,0.0
DTAA/GWS0381,2709,193,690,1,345,345,0.0,0.0,0.0,0.0,0.0,0.0
DTAA/GYB0248,2296,0,690,1,345,345,0.0,0.0,0.0,0.0,0.0,0.0
DTAA/GYT0279,1748,63,1057,23,670,387,17.0,8.0,1.0,4.0,4.0,8.0
DTAA/HAG0649,2111,134,1149,51,717,432,20.0,12.0,1.0,6.0,6.0,12.0
DTAA/HAS0430,1782,0,972,1,627,345,0.0,0.0,0.0,0.0,0.0,0.0
DTAA/HBB0402,1639,0,1132,61,697,435,0.0,0.0,0.0,0.0,0.0,0.0
DTAA/HBF0035,2259,0,954,1,609,345,0.0,0.0,0.0,0.0,0.0,0.0
DTAA/HBL0517,2207,0,984,14,626,358,0.0,530.0,1.0,280.0,250.0,0.0
DTAA/HCC0258,2106,0,1198,62,741,457,0.0,0.0,0.0,0.0,0.0,0.0
DTAA/HCG0731,2102,97,1245,54,758,487,70.0,659.0,1.0,346.0,313.0,139.0
DTAA/HCJ0171,2108,16,794,43,397,397,8.0,0.0,0.0,0.0,0.0,0.0
DTAA/HCM0681,1201,0,1101,48,691,410,0.0,0.0,0.0,0.0,0.0,0.0
DTAA/HCP0315,2086,0,971,1,626,345,0.0,0.0,0.0,0.0,0.0,0.0
DTAA/HCR0525,2081,0,690,1,345,345,0.0,0.0,0.0,0.0,0.0,0.0
DTAA/HCR0795,1607,0,690,1,345,345,0.0,74.0,1.0,38.0,36.0,0.0
DTAA/HDB0655,420,0,416,35,208,208,0.0,0.0,0.0,0.0,0.0,0.0
DTAA/HDR0261,2504,21,968,1,623,345,0.0,402.0,1.0,210.0,192.0,9.0
DTAA/HDR0823,2062,0,1216,70,751,465,0.0,268.0,1.0,140.0,128.0,0.0
DTAA/HED0802,1961,0,1137,59,711,426,0.0,0.0,0.0,0.0,0.0,0.0
DTAA/HEG0785,2010,0,690,1,345,345,0.0,0.0,0.0,0.0,0.0,0.0
DTAA/HER0860,678,0,466,1,233,233,0.0,0.0,0.0,0.0,0.0,0.0
DTAA/HFC0680,2043,0,690,1,345,345,0.0,0.0,0.0,0.0,0.0,0.0
DTAA/HIB0604,2622,193,690,1,345,345,0.0,263.0,1.0,137.0,126.0,17.0
DTAA/HIP0929,1353,0,690,1,345,345,0.0,0.0,0.0,0.0,0.0,0.0
DTAA/HJK0057,1652,0,954,1,609,345,0.0,0.0,0.0,0.0,0.0,0.0
DTAA/HJP0784,2526,0,955,1,610,345,0.0,0.0,0.0,0.0,0.0,0.0
DTAA/HKG0503,2204,0,690,1,345,345,0.0,0.0,0.0,0.0,0.0,0.0
DTAA/HKM0260,2228,128,1048,39,665,383,0.0,253.0,1.0,133.0,120.0,21.0
DTAA/HKO0796,1972,0,690,1,345,345,0.0,0.0,0.0,0.0,0.0,0.0
DTAA/HLA0457,2068,0,690,1,345,345,0.0,0.0,0.0,0.0,0.0,0.0
DTAA/HNF0812,156,0,286,21,178,108,0.0,167.0,1.0,88.0,79.0,0.0
DTAA/HNK0421,2227,0,690,1,345,345,0.0,0.0,0.0,0.0,0.0,0.0
DTAA/HNR0891,2750,379,960,1,615,345,0.0,0.0,0.0,0.0,0.0,0.0
DTAA/HNS0858,2111,133,1169,31,727,442,63.0,69.0,1.0,35.0,34.0,69.0
DTAA/HOO0224,2294,0,690,1,345,345,0.0,0.0,0.0,0.0,0.0,0.0
DTAA/HPF0958,1913,2,690,1,345,345,171.0,0.0,0.0,0.0,0.0,0.0
DTAA/HPN0821,1378,0,690,1,345,345,0.0,0.0,0.0,0.0,0.0,0.0
DTAA/HRK0729,2190,0,690,1,345,345,0.0,0.0,0.0,0.0,0.0,0.0
DTAA/HRT0737,1779,0,688,1,344,344,0.0,0.0,0.0,0.0,0.0,0.0
DTAA/HSD0519,1886,0,1083,51,673,410,0.0,259.0,1.0,137.0,122.0,0.0
DTAA/HSH0981,2597,216,690,1,345,345,0.0,0.0,0.0,0.0,0.0,0.0
DTAA/HSM0389,1680,0,973,1,628,345,0.0,0.0,0.0,0.0,0.0,0.0
DTAA/HSR0472,1996,0,974,1,629,345,0.0,526.0,1.0,276.0,250.0,0.0
DTAA/HTC0607,1958,22,1198,60,739,459,22.0,467.0,1.0,246.0,221.0,16.0
DTAA/HTG0554,2552,18,690,1,345,345,163.0,0.0,0.0,0.0,0.0,0.0
DTAA/HTS0265,2054,170,914,40,457,457,64.0,129.0,1.0,68.0,61.0,66.0
DTAA/HWG0148,1692,0,973,1,628,345,0.0,0.0,0.0,0.0,0.0,0.0
DTAA/IAC0264,2191,0,690,1,345,345,0.0,0.0,0.0,0.0,0.0,0.0
DTAA/IAG0152,2441,56,746,1,373,373,28.0,0.0,0.0,0.0,0.0,0.0
DTAA/IAH0822,1522,0,999,19,636,363,0.0,0.0,0.0,0.0,0.0,0.0
DTAA/ICB0779,1416,290,590,1,295,295,0.0,0.0,0.0,0.0,0.0,0.0
DTAA/ICF0629,1632,9,690,1,345,345,181.0,0.0,0.0,0.0,0.0,0.0
DTAA/IGB0310,1988,0,690,1,345,345,0.0,0.0,0.0,0.0,0.0,0.0
DTAA/IGC0415,2328,97,690,1,345,345,345.0,0.0,0.0,0.0,0.0,0.0
DTAA/IHD0259,1736,0,690,1,345,345,0.0,0.0,0.0,0.0,0.0,0.0
DTAA/IHF0040,1937,0,974,1,629,345,0.0,0.0,0.0,0.0,0.0,0.0
DTAA/IIR0475,2167,0,974,1,629,345,0.0,0.0,0.0,0.0,0.0,0.0
DTAA/IJG0454,2165,0,690,1,345,345,0.0,0.0,0.0,0.0,0.0,0.0
DTAA/IJJ0342,232,0,166,1,83,83,0.0,0.0,0.0,0.0,0.0,0.0
DTAA/IKH0904,2169,234,1233,56,750,483,57.0,640.0,1.0,336.0,304.0,51.0
DTAA/IMB0473,2270,51,1028,14,654,374,16.0,0.0,0.0,0.0,0.0,0.0
DTAA/IMD0280,2178,0,690,1,345,345,0.0,0.0,0.0,0.0,0.0,0.0
DTAA/IMD0776,1982,0,690,1,345,345,0.0,0.0,0.0,0.0,0.0,0.0
DTAA/IMF0700,2381,10,690,1,345,345,0.0,0.0,0.0,0.0,0.0,0.0
DTAA/IMW0965,1700,0,690,1,345,345,0.0,0.0,0.0,0.0,0.0,0.0
DTAA/IRC0991,1656,351,5015,872,2649,2366,1016.0,322.0,1.0,171.0,151.0,0.0
DTAA/IRH0176,63,0,142,11,88,54,0.0,0.0,0.0,0.0,0.0,0.0
DTAA/ITC0131,1735,0,690,1,345,345,0.0,0.0,0.0,0.0,0.0,0.0
DTAA/IVF0777,1825,0,690,1,345,345,0.0,0.0,0.0,0.0,0.0,0.0
DTAA/IVS0463,1684,0,690,1,345,345,0.0,0.0,0.0,0.0,0.0,0.0
DTAA/IWM0482,1681,0,690,1,345,345,0.0,67.0,1.0,35.0,32.0,0.0
DTAA/JAC0390,1900,0,690,1,345,345,0.0,0.0,0.0,0.0,0.0,0.0
DTAA/JAD0531,2153,0,760,30,380,380,0.0,71.0,1.0,38.0,33.0,0.0
DTAA/JAH0544,2040,88,1209,51,745,464,48.0,74.0,1.0,37.0,37.0,74.0
DTAA/JAM0392,1580,0,1000,16,639,361,0.0,527.0,1.0,281.0,246.0,0.0
DTAA/JBA0373,2265,59,1022,25,650,372,348.0,0.0,0.0,0.0,0.0,0.0
DTAA/JBL0450,2275,104,754,1,377,377,32.0,62.0,1.0,32.0,30.0,61.0
DTAA/JBS0483,1921,0,973,1,628,345,0.0,202.0,1.0,104.0,98.0,0.0
DTAA/JBS0654,1955,0,690,1,345,345,0.0,0.0,0.0,0.0,0.0,0.0
DTAA/JCC0140,2351,54,1206,62,745,461,0.0,0.0,0.0,0.0,0.0,0.0
DTAA/JCC0998,893,240,4980,881,2490,2490,1088.0,0.0,0.0,0.0,0.0,0.0
DTAA/JCG0817,2541,350,690,1,345,345,0.0,0.0,0.0,0.0,0.0,0.0
DTAA/JCL0752,1927,0,690,1,345,345,0.0,0.0,0.0,0.0,0.0,0.0
DTAA/JCS0873,1991,294,1070,1,675,395,382.0,270.0,1.0,143.0,127.0,72.0
DTAA/JCT0410,2094,0,974,1,629,345,0.0,68.0,1.0,36.0,32.0,0.0
DTAA/JDM0083,1957,0,690,1,345,345,0.0,0.0,0.0,0.0,0.0,0.0
DTAA/JDM0940,2169,0,690,1,345,345,0.0,0.0,0.0,0.0,0.0,0.0
DTAA/JDR0685,1916,0,1114,50,699,415,0.0,0.0,0.0,0.0,0.0,0.0
DTAA/JFA0081,1893,0,690,1,345,345,0.0,0.0,0.0,0.0,0.0,0.0
DTAA/JGB0062,2277,0,1005,25,636,369,0.0,125.0,1.0,67.0,58.0,0.0
DTAA/JGC0775,2484,159,1090,18,683,407,45.0,93.0,1.0,49.0,44.0,35.0
DTAA/JGS0274,2285,0,690,1,345,345,0.0,0.0,0.0,0.0,0.0,0.0
DTAA/JHA0404,1680,117,1204,72,740,464,352.0,0.0,0.0,0.0,0.0,0.0
DTAA/JHC0703,2728,495,716,11,358,358,1.0,0.0,0.0,0.0,0.0,0.0
DTAA/JHD0512,1923,87,1196,57,729,467,38.0,104.0,1.0,53.0,51.0,45.0
DTAA/JHM0408,1902,0,974,1,629,345,0.0,74.0,1.0,38.0,36.0,0.0
DTAA/JHN0241,22,0,67,1,43,24,0.0,0.0,0.0,0.0,0.0,0.0
DTAA/JIH0640,2041,0,690,1,345,345,0.0,0.0,0.0,0.0,0.0,0.0
DTAA/JIP0187,2432,33,690,1,345,345,0.0,0.0,0.0,0.0,0.0,0.0
DTAA/JJB0720,2179,0,690,1,345,345,0.0,0.0,0.0,0.0,0.0,0.0
DTAA/JJR0278,2161,0,1132,58,706,426,0.0,405.0,1.0,210.0,195.0,0.0
DTAA/JKW0464,2254,0,690,1,345,345,0.0,0.0,0.0,0.0,0.0,0.0
DTAA/JLC0711,1922,0,975,1,630,345,0.0,0.0,0.0,0.0,0.0,0.0
DTAA/JLC0744,1879,0,788,37,394,394,0.0,251.0,1.0,134.0,117.0,0.0
DTAA/JLL0301,1982,25,796,26,398,398,28.0,298.0,1.0,154.0,144.0,26.0
DTAA/JLL0930,1987,0,690,1,345,345,0.0,0.0,0.0,0.0,0.0,0.0
DTAA/JLM0053,978,3,962,19,612,350,12.0,624.0,1.0,327.0,297.0,14.0
DTAA/JLV0465,763,0,540,1,270,270,0.0,0.0,0.0,0.0,0.0,0.0
DTAA/JMA0875,1889,0,690,1,345,345,0.0,0.0,0.0,0.0,0.0,0.0
DTAA/JMC0233,1826,0,976,1,631,345,0.0,0.0,0.0,0.0,0.0,0.0
DTAA/JMM0759,1764,126,1144,22,713,431,60.0,20.0,1.0,10.0,10.0,17.0
DTAA/JMP0200,2031,0,690,1,345,345,0.0,0.0,0.0,0.0,0.0,0.0
DTAA/JMR0906,1310,0,690,1,345,345,0.0,0.0,0.0,0.0,0.0,0.0
DTAA/JMR0955,1748,0,690,1,345,345,0.0,0.0,0.0,0.0,0.0,0.0
DTAA/JMS0793,1802,0,690,1,345,345,0.0,654.0,1.0,345.0,309.0,0.0
DTAA/JNF0543,1885,4,1073,41,678,395,152.0,405.0,1.0,213.0,192.0,1.0
DTAA/JPP0841,2230,0,690,1,345,345,0.0,0.0,0.0,0.0,0.0,0.0
DTAA/JQH0724,2617,308,690,1,345,345,0.0,0.0,0.0,0.0,0.0,0.0
DTAA/JRM0902,17,0,48,1,24,24,0.0,0.0,0.0,0.0,0.0,0.0
DTAA/JRP0458,1980,0,690,1,345,345,0.0,0.0,0.0,0.0,0.0,0.0
DTAA/JSB0493,2022,0,990,17,627,363,0.0,445.0,1.0,234.0,211.0,0.0
DTAA/JSE0020,1580,7,1133,57,701,432,7.0,6.0,1.0,3.0,3.0,6.0
DTAA/JSH0326,1842,0,975,1,630,345,0.0,0.0,0.0,0.0,0.0,0.0
DTAA/JSH0598,1907,0,690,1,345,345,0.0,0.0,0.0,0.0,0.0,0.0
DTAA/JSW0180,1443,0,1001,17,639,362,0.0,208.0,1.0,110.0,98.0,0.0
DTAA/JTT0989,999,329,4864,866,2432,2432,993.0,0.0,0.0,0.0,0.0,0.0
DTAA/JWW0076,1564,0,690,1,345,345,0.0,0.0,0.0,0.0,0.0,0.0
DTAA/JXC0393,2021,0,1108,50,696,412,0.0,0.0,0.0,0.0,0.0,0.0
DTAA/JXG0567,2224,0,690,1,345,345,0.0,0.0,0.0,0.0,0.0,0.0
DTAA/JZO0727,1546,0,1053,39,658,395,0.0,470.0,1.0,246.0,224.0,0.0
DTAA/JZV0159,2240,0,690,1,345,345,0.0,0.0,0.0,0.0,0.0,0.0
DTAA/KAD0059,1888,34,1118,14,694,424,58.0,61.0,1.0,31.0,30.0,60.0
DTAA/KAG0880,1734,0,1187,69,723,464,0.0,0.0,0.0,0.0,0.0,0.0
DTAA/KBB0983,2029,0,690,1,345,345,0.0,79.0,1.0,40.0,39.0,0.0
DTAA/KBC0337,2209,0,690,1,345,345,0.0,0.0,0.0,0.0,0.0,0.0
DTAA/KBC0788,2434,114,690,1,345,345,0.0,0.0,0.0,0.0,0.0,0.0
DTAA/KBP0188,1483,0,690,1,345,345,0.0,0.0,0.0,0.0,0.0,0.0
DTAA/KCH0987,2076,0,690,1,345,345,0.0,0.0,0.0,0.0,0.0,0.0
DTAA/KCN0107,2345,86,690,1,345,345,0.0,0.0,0.0,0.0,0.0,0.0
DTAA/KDC0928,2253,0,690,1,345,345,0.0,0.0,0.0,0.0,0.0,0.0
DTAA/KDL0806,1584,0,1211,73,748,463,0.0,0.0,0.0,0.0,0.0,0.0
DTAA/KEE0997,970,193,4942,917,2471,2471,1024.0,0.0,0.0,0.0,0.0,0.0
DTAA/KEH0055,1843,0,690,1,345,345,0.0,0.0,0.0,0.0,0.0,0.0
DTAA/KES0043,1932,0,690,1,345,345,0.0,0.0,0.0,0.0,0.0,0.0
DTAA/KFF0225,2932,320,690,1,345,345,0.0,0.0,0.0,0.0,0.0,0.0
DTAA/KGC0456,1425,0,690,1,345,345,0.0,0.0,0.0,0.0,0.0,0.0
DTAA/KGS0398,2243,227,1111,44,692,419,8.0,135.0,1.0,70.0,65.0,23.0
DTAA/KIM0617,1978,0,690,1,345,345,0.0,0.0,0.0,0.0,0.0,0.0
DTAA/KIN0073,1554,0,916,69,458,458,0.0,0.0,0.0,0.0,0.0,0.0
DTAA/KJG0378,1213,0,920,66,460,460,0.0,0.0,0.0,0.0,0.0,0.0
DTAA/KJM0614,2409,18,950,1,605,345,0.0,0.0,0.0,0.0,0.0,0.0
DTAA/KKC0575,1891,0,690,1,345,345,0.0,0.0,0.0,0.0,0.0,0.0
DTAA/KKT0039,1919,0,1192,69,734,458,0.0,0.0,0.0,0.0,0.0,0.0
DTAA/KKW0676,2154,0,971,1,626,345,0.0,587.0,1.0,308.0,279.0,0.0
DTAA/KKW0945,1926,0,999,18,636,363,0.0,141.0,1.0,74.0,67.0,0.0
DTAA/KLS0717,1990,0,1081,52,684,397,0.0,132.0,1.0,71.0,61.0,0.0
DTAA/KMC0840,1652,0,690,1,345,345,0.0,0.0,0.0,0.0,0.0,0.0
DTAA/KMG0002,2530,431,690,1,345,345,0.0,0.0,0.0,0.0,0.0,0.0
DTAA/KMW0755,2478,364,690,1,345,345,0.0,0.0,0.0,0.0,0.0,0.0
DTAA/KNC0403,2110,0,690,1,345,345,0.0,0.0,0.0,0.0,0.0,0.0
DTAA/KNH0719,1954,0,690,1,345,345,0.0,0.0,0.0,0.0,0.0,0.0
DTAA/KNJ0633,1596,0,690,1,345,345,0.0,0.0,0.0,0.0,0.0,0.0
DTAA/KPB0665,474,0,370,1,185,185,0.0,0.0,0.0,0.0,0.0,0.0
DTAA/KPC0158,2163,65,690,1,345,345,345.0,0.0,0.0,0.0,0.0,0.0
DTAA/KPS0299,1585,0,690,1,345,345,0.0,0.0,0.0,0.0,0.0,0.0
DTAA/KRC0021,1708,14,1212,68,746,466,192.0,0.0,0.0,0.0,0.0,0.0
DTAA/KRC0455,1872,0,1193,73,737,456,0.0,0.0,0.0,0.0,0.0,0.0
DTAA/KRD0507,1606,0,951,1,606,345,0.0,0.0,0.0,0.0,0.0,0.0
DTAA/KSB0673,2084,0,984,17,623,361,0.0,519.0,1.0,274.0,245.0,0.0
DTAA/KSO0749,1699,0,690,1,345,345,0.0,0.0,0.0,0.0,0.0,0.0
DTAA/KSP0927,1786,58,806,35,403,403,23.0,28.0,1.0,15.0,13.0,28.0
DTAA/KSW0597,2262,17,690,1,345,345,0.0,123.0,1.0,65.0,58.0,5.0
DTAA/KTC0285,2070,0,690,1,345,345,0.0,0.0,0.0,0.0,0.0,0.0
DTAA/KTM0960,1894,0,690,1,345,345,0.0,0.0,0.0,0.0,0.0,0.0
DTAA/KUC0848,1851,0,690,1,345,345,0.0,0.0,0.0,0.0,0.0,0.0
DTAA/KVH0355,1736,0,954,1,609,345,0.0,0.0,0.0,0.0,0.0,0.0
DTAA/KYH0920,1529,0,690,1,345,345,0.0,0.0,0.0,0.0,0.0,0.0
DTAA/LAH0397,2022,32,690,1,345,345,0.0,0.0,0.0,0.0,0.0,0.0
DTAA/LAH0710,2078,0,690,1,345,345,0.0,0.0,0.0,0.0,0.0,0.0
DTAA/LAL0170,1518,0,690,1,345,345,0.0,0.0,0.0,0.0,0.0,0.0
DTAA/LAM0952,1730,0,690,1,345,345,0.0,0.0,0.0,0.0,0.0,0.0
DTAA/LAT0452,2676,162,690,1,345,345,0.0,0.0,0.0,0.0,0.0,0.0
DTAA/LAW0437,1724,0,690,1,345,345,0.0,0.0,0.0,0.0,0.0,0.0
DTAA/LBB0095,2252,82,1232,99,747,485,1.0,199.0,1.0,104.0,95.0,25.0
DTAA/LBC0422,1699,0,690,1,345,345,0.0,0.0,0.0,0.0,0.0,0.0
DTAA/LBD0946,1998,0,690,1,345,345,0.0,0.0,0.0,0.0,0.0,0.0
DTAA/LCC0556,2104,0,690,1,345,345,0.0,0.0,0.0,0.0,0.0,0.0
DTAA/LCG0011,2208,197,690,1,345,345,0.0,0.0,0.0,0.0,0.0,0.0
DTAA/LCG0546,1587,0,973,1,628,345,0.0,337.0,1.0,175.0,162.0,0.0
DTAA/LCK0551,2355,387,690,1,345,345,0.0,0.0,0.0,0.0,0.0,0.0
DTAA/LCK0666,2691,332,1094,49,681,413,0.0,520.0,1.0,272.0,248.0,102.0
DTAA/LCL0792,1460,88,690,1,345,345,345.0,0.0,0.0,0.0,0.0,0.0
DTAA/LCP0359,2394,260,690,1,345,345,0.0,0.0,0.0,0.0,0.0,0.0
DTAA/LDB0961,2331,26,1087,51,676,411,0.0,0.0,0.0,0.0,0.0,0.0
DTAA/LDG0406,1704,0,999,12,642,357,0.0,0.0,0.0,0.0,0.0,0.0
DTAA/LDM0318,581,0,520,1,260,260,0.0,0.0,0.0,0.0,0.0,0.0
DTAA/LEH0561,1884,0,690,1,345,345,0.0,0.0,0.0,0.0,0.0,0.0
DTAA/LGA0042,1215,0,690,1,345,345,0.0,0.0,0.0,0.0,0.0,0.0
DTAA/LGV0288,1692,0,690,1,345,345,0.0,0.0,0.0,0.0,0.0,0.0
DTAA/LIB0089,1621,0,690,1,345,345,0.0,0.0,0.0,0.0,0.0,0.0
DTAA/LID0942,1680,0,1070,45,670,400,0.0,259.0,1.0,136.0,123.0,0.0
DTAA/LJB0492,1730,0,690,1,345,345,0.0,0.0,0.0,0.0,0.0,0.0
DTAA/LJR0772,2204,51,820,18,410,410,48.0,193.0,1.0,101.0,92.0,0.0
DTAA/LJU0036,1946,0,690,1,345,345,0.0,0.0,0.0,0.0,0.0,0.0
DTAA/LKY0181,202,2,319,1,202,117,12.0,9.0,1.0,5.0,4.0,8.0
DTAA/LLB0843,1195,0,954,1,609,345,0.0,0.0,0.0,0.0,0.0,0.0
DTAA/LLK0316,1650,0,690,1,345,345,0.0,0.0,0.0,0.0,0.0,0.0
DTAA/LMH0690,2585,342,690,1,345,345,0.0,0.0,0.0,0.0,0.0,0.0
DTAA/LMJ0323,215,0,214,1,107,107,0.0,0.0,0.0,0.0,0.0,0.0
DTAA/LND0767,2017,0,690,1,345,345,0.0,0.0,0.0,0.0,0.0,0.0
DTAA/LNM0509,1782,0,690,1,345,345,0.0,0.0,0.0,0.0,0.0,0.0
DTAA/LPB0141,1784,0,690,1,345,345,0.0,0.0,0.0,0.0,0.0,0.0
DTAA/LPG0099,1433,0,1109,51,691,418,0.0,469.0,1.0,247.0,222.0,0.0
DTAA/LQA0232,2094,0,956,1,611,345,0.0,0.0,0.0,0.0,0.0,0.0
DTAA/LRH0747,1884,0,1193,64,737,456,0.0,322.0,1.0,169.0,153.0,0.0
DTAA/LRS0325,1766,0,690,1,345,345,0.0,0.0,0.0,0.0,0.0,0.0
DTAA/LSV0944,1487,117,690,1,345,345,345.0,0.0,0.0,0.0,0.0,0.0
DTAA/LTB0150,2414,435,690,1,345,345,0.0,0.0,0.0,0.0,0.0,0.0
DTAA/LTM0418,1902,0,1187,72,725,462,0.0,451.0,1.0,236.0,215.0,0.0
DTAA/LVC0027,2582,326,690,1,345,345,0.0,0.0,0.0,0.0,0.0,0.0
DTAA/LYC0672,1767,0,690,1,345,345,0.0,0.0,0.0,0.0,0.0,0.0
DTAA/MAB0532,1663,0,794,39,397,397,0.0,136.0,1.0,71.0,65.0,0.0
DTAA/MAG0290,1741,0,740,22,370,370,0.0,263.0,1.0,139.0,124.0,0.0
DTAA/MAH0712,2131,40,690,1,345,345,0.0,0.0,0.0,0.0,0.0,0.0
DTAA/MAM0947,2287,19,690,1,345,345,0.0,0.0,0.0,0.0,0.0,0.0
DTAA/MBD0602,1637,0,690,1,345,345,0.0,0.0,0.0,0.0,0.0,0.0
DTAA/MBR0166,1669,0,1012,25,641,371,0.0,0.0,0.0,0.0,0.0,0.0
DTAA/MBZ0932,2138,102,690,1,345,345,345.0,0.0,0.0,0.0,0.0,0.0
DTAA/MCC0851,1584,0,690,1,345,345,0.0,0.0,0.0,0.0,0.0,0.0
DTAA/MCF0427,1979,67,752,1,376,376,30.0,44.0,1.0,23.0,21.0,44.0
DTAA/MCF0985,1690,0,959,1,614,345,0.0,0.0,0.0,0.0,0.0,0.0
DTAA/MCH0530,1615,96,1225,79,743,482,369.0,12.0,1.0,6.0,6.0,12.0
DTAA/MCM0090,1504,0,690,1,345,345,0.0,0.0,0.0,0.0,0.0,0.0
DTAA/MCM0346,2137,0,1112,52,694,418,0.0,465.0,1.0,246.0,219.0,0.0
DTAA/MCR0314,1885,97,690,1,345,345,345.0,0.0,0.0,0.0,0.0,0.0
DTAA/MCR0375,1902,0,1028,24,656,372,0.0,0.0,0.0,0.0,0.0,0.0
DTAA/MDC0595,1655,0,690,1,345,345,0.0,0.0,0.0,0.0,0.0,0.0
DTAA/MDS0742,2159,11,690,1,345,345,0.0,0.0,0.0,0.0,0.0,0.0
DTAA/MDT0356,1899,0,1127,54,694,433,0.0,0.0,0.0,0.0,0.0,0.0
DTAA/MED0748,2097,0,690,1,345,345,0.0,0.0,0.0,0.0,0.0,0.0
DTAA/MEV0886,1965,57,1040,18,661,379,13.0,10.0,1.0,5.0,5.0,10.0
DTAA/MFN0656,1901,0,690,1,345,345,0.0,0.0,0.0,0.0,0.0,0.0
DTAA/MGB0728,1976,0,690,1,345,345,0.0,0.0,0.0,0.0,0.0,0.0
DTAA/MGF0743,1890,43,690,1,345,345,345.0,0.0,0.0,0.0,0.0,0.0
DTAA/MGY0732,464,0,766,42,482,284,0.0,0.0,0.0,0.0,0.0,0.0
DTAA/MHM0988,1647,0,690,1,345,345,0.0,0.0,0.0,0.0,0.0,0.0
DTAA/MIC0914,1948,25,1269,74,776,493,31.0,494.0,1.0,258.0,236.0,31.0
DTAA/MIH0429,2589,373,690,1,345,345,0.0,0.0,0.0,0.0,0.0,0.0
DTAA/MIK0034,1207,0,1089,49,677,412,0.0,524.0,1.0,276.0,248.0,0.0
DTAA/MJF0892,1791,0,1151,62,716,435,0.0,0.0,0.0,0.0,0.0,0.0
DTAA/MJK0212,1537,0,690,1,345,345,0.0,0.0,0.0,0.0,0.0,0.0
DTAA/MJM0228,1804,6,704,1,352,352,6.0,262.0,1.0,138.0,124.0,6.0
DTAA/MJM0469,1928,0,972,1,627,345,0.0,661.0,1.0,345.0,316.0,0.0
DTAA/MJP0603,1907,0,690,1,345,345,0.0,0.0,0.0,0.0,0.0,0.0
DTAA/MKG0273,1736,0,690,1,345,345,0.0,0.0,0.0,0.0,0.0,0.0
DTAA/MKN0234,1715,0,690,1,345,345,0.0,0.0,0.0,0.0,0.0,0.0
DTAA/MLC0238,1812,0,690,1,345,345,0.0,0.0,0.0,0.0,0.0,0.0
DTAA/MMF0289,1897,0,1180,69,724,456,0.0,655.0,1.0,345.0,310.0,0.0
DTAA/MMH0581,2160,0,1008,21,638,370,0.0,0.0,0.0,0.0,0.0,0.0
DTAA/MMH0612,1837,0,983,17,621,362,0.0,521.0,1.0,275.0,246.0,0.0
DTAA/MNB0956,1590,0,748,26,374,374,0.0,0.0,0.0,0.0,0.0,0.0
DTAA/MND0048,18,0,96,1,62,34,17.0,0.0,0.0,0.0,0.0,0.0
DTAA/MND0675,1986,0,690,1,345,345,0.0,0.0,0.0,0.0,0.0,0.0
DTAA/MOA0526,2046,0,690,1,345,345,0.0,0.0,0.0,0.0,0.0,0.0
DTAA/MPA0136,1862,0,690,1,345,345,0.0,0.0,0.0,0.0,0.0,0.0
DTAA/MQL0135,1468,23,1056,18,669,387,20.0,678.0,1.0,356.0,322.0,22.0
DTAA/MRL0518,20,0,64,4,32,32,0.0,0.0,0.0,0.0,0.0,0.0
DTAA/MRM0205,1224,0,690,1,345,345,0.0,0.0,0.0,0.0,0.0,0.0
DTAA/MRS0395,1281,0,690,1,345,345,0.0,0.0,0.0,0.0,0.0,0.0
DTAA/MSH0322,1755,0,690,1,345,345,0.0,0.0,0.0,0.0,0.0,0.0
DTAA/MSK0862,1637,0,690,1,345,345,0.0,0.0,0.0,0.0,0.0,0.0
DTAA/MSM0226,1610,0,1018,31,641,377,0.0,0.0,0.0,0.0,0.0,0.0
DTAA/MSP0078,2020,0,690,1,345,345,0.0,0.0,0.0,0.0,0.0,0.0
DTAA/MST0883,451,0,332,1,166,166,0.0,0.0,0.0,0.0,0.0,0.0
DTAA/MSV0506,2194,90,1074,1,671,403,55.0,0.0,0.0,0.0,0.0,0.0
DTAA/MTC0538,2106,0,690,1,345,345,0.0,0.0,0.0,0.0,0.0,0.0
DTAA/MTM0239,2383,379,690,1,345,345,0.0,0.0,0.0,0.0,0.0,0.0
DTAA/MTS0084,2009,0,690,1,345,345,0.0,0.0,0.0,0.0,0.0,0.0
DTAA/MVL0885,1864,0,690,1,345,345,0.0,0.0,0.0,0.0,0.0,0.0
DTAA/MVP0572,1429,0,988,9,635,353,0.0,0.0,0.0,0.0,0.0,0.0
DTAA/MVW0630,2026,54,1120,26,703,417,41.0,654.0,1.0,345.0,309.0,0.0
DTAA/MWH0853,1806,61,690,1,345,345,345.0,0.0,0.0,0.0,0.0,0.0
DTAA/MWJ0837,1591,0,690,1,345,345,0.0,0.0,0.0,0.0,0.0,0.0
DTAA/MXM0271,1645,0,1206,74,745,461,0.0,0.0,0.0,0.0,0.0,0.0
DTAA/MXM0838,1647,0,971,1,626,345,0.0,458.0,1.0,242.0,216.0,0.0
DTAA/MZB0206,1575,0,690,1,345,345,0.0,0.0,0.0,0.0,0.0,0.0
DTAA/MZW0111,1135,0,826,50,413,413,0.0,269.0,1.0,141.0,128.0,0.0
DTAA/NAC0161,1766,0,1132,55,708,424,0.0,0.0,0.0,0.0,0.0,0.0
DTAA/NAT0252,831,134,530,1,265,265,0.0,0.0,0.0,0.0,0.0,0.0
DTAA/NAW0939,1725,0,690,1,345,345,0.0,0.0,0.0,0.0,0.0,0.0
DTAA/NBB0501,1355,0,690,1,345,345,0.0,0.0,0.0,0.0,0.0,0.0
DTAA/NBT0479,1832,0,969,1,624,345,0.0,0.0,0.0,0.0,0.0,0.0
DTAA/NCW0246,1478,0,973,1,628,345,0.0,0.0,0.0,0.0,0.0,0.0
DTAA/NDH0524,1610,0,690,1,345,345,0.0,0.0,0.0,0.0,0.0,0.0
DTAA/NDH0807,192,0,394,33,243,151,0.0,0.0,0.0,0.0,0.0,0.0
DTAA/NDM0893,1630,75,1073,22,676,397,25.0,35.0,1.0,18.0,17.0,35.0
DTAA/NDS0490,2000,533,878,37,439,439,57.0,255.0,1.0,136.0,119.0,92.0
DTAA/NEP0644,1838,0,690,1,345,345,0.0,0.0,0.0,0.0,0.0,0.0
DTAA/NET0306,1854,0,690,1,345,345,0.0,0.0,0.0,0.0,0.0,0.0
DTAA/NFD0706,1899,0,1153,59,719,434,0.0,0.0,0.0,0.0,0.0,0.0
DTAA/NGC0624,2067,288,1080,51,674,406,1.0,0.0,0.0,0.0,0.0,0.0
DTAA/NHH0566,2015,183,1044,1,654,390,383.0,0.0,0.0,0.0,0.0,0.0
DTAA/NHL0253,1271,63,1212,60,748,464,28.0,45.0,1.0,23.0,22.0,44.0
DTAA/NHL0521,1781,5,1058,29,671,387,8.0,132.0,1.0,71.0,61.0,0.0
DTAA/NIC0901,1925,0,690,1,345,345,0.0,0.0,0.0,0.0,0.0,0.0
DTAA/NJC0459,1549,0,690,1,345,345,0.0,0.0,0.0,0.0,0.0,0.0
DTAA/NJD0267,1598,46,690,1,345,345,345.0,0.0,0.0,0.0,0.0,0.0
DTAA/NJH0593,1767,0,690,1,345,345,0.0,0.0,0.0,0.0,0.0,0.0
DTAA/NJM0476,2196,0,690,1,345,345,0.0,0.0,0.0,0.0,0.0,0.0
DTAA/NJS0448,2004,33,954,1,609,345,0.0,0.0,0.0,0.0,0.0,0.0
DTAA/NJW0094,1919,0,690,1,345,345,0.0,0.0,0.0,0.0,0.0,0.0
DTAA/NKM0018,1683,7,956,1,611,345,183.0,0.0,0.0,0.0,0.0,0.0
DTAA/NLD0701,1545,101,690,1,345,345,345.0,0.0,0.0,0.0,0.0,0.0
DTAA/NMC0251,1795,0,724,18,362,362,0.0,0.0,0.0,0.0,0.0,0.0
DTAA/NMR0621,1857,0,973,1,628,345,0.0,0.0,0.0,0.0,0.0,0.0
DTAA/NNB0443,1236,0,969,1,624,345,0.0,655.0,1.0,345.0,310.0,0.0
DTAA/NNS0898,1595,0,690,1,345,345,0.0,0.0,0.0,0.0,0.0,0.0
DTAA/NQC0925,1606,44,690,1,345,345,345.0,0.0,0.0,0.0,0.0,0.0
DTAA/NRH0276,1318,0,690,1,345,345,0.0,0.0,0.0,0.0,0.0,0.0
DTAA/NRM0093,1733,14,734,21,367,367,194.0,0.0,0.0,0.0,0.0,0.0
DTAA/NRS0477,2428,43,690,1,345,345,345.0,0.0,0.0,0.0,0.0,0.0
DTAA/NSC0842,1643,0,1086,47,675,411,0.0,193.0,1.0,100.0,93.0,0.0
DTAA/NSD0763,1584,0,690,1,345,345,0.0,0.0,0.0,0.0,0.0,0.0
DTAA/NSP0910,1401,0,862,58,431,431,0.0,595.0,1.0,310.0,285.0,0.0
DTAA/NTO0396,1554,0,690,1,345,345,0.0,0.0,0.0,0.0,0.0,0.0
DTAA/NWC0765,2153,25,690,1,345,345,0.0,0.0,0.0,0.0,0.0,0.0
DTAA/NWG0682,1701,0,690,1,345,345,0.0,0.0,0.0,0.0,0.0,0.0
DTAA/NWT0708,520,0,476,1,238,238,0.0,0.0,0.0,0.0,0.0,0.0
DTAA/NZD0771,1945,0,690,1,345,345,0.0,0.0,0.0,0.0,0.0,0.0
DTAA/OAR0291,1637,44,970,1,625,345,345.0,0.0,0.0,0.0,0.0,0.0
DTAA/OBD0786,1646,0,975,1,630,345,0.0,0.0,0.0,0.0,0.0,0.0
DTAA/OBF0564,2001,0,690,1,345,345,0.0,0.0,0.0,0.0,0.0,0.0
DTAA/ODW0839,2345,471,730,19,365,365,2.0,255.0,1.0,134.0,121.0,76.0
DTAA/OES0636,1928,0,690,1,345,345,0.0,0.0,0.0,0.0,0.0,0.0
DTAA/OHA0451,1760,0,690,1,345,345,0.0,0.0,0.0,0.0,0.0,0.0
DTAA/OHW0215,2429,400,690,1,345,345,0.0,0.0,0.0,0.0,0.0,0.0
DTAA/OIR0424,1854,0,690,1,345,345,0.0,0.0,0.0,0.0,0.0,0.0
DTAA/OJG0866,2411,225,690,1,345,345,0.0,0.0,0.0,0.0,0.0,0.0
DTAA/OJH0425,1975,0,1096,57,681,415,0.0,523.0,1.0,274.0,249.0,0.0
DTAA/OKG0160,1640,9,996,11,639,357,165.0,0.0,0.0,0.0,0.0,0.0
DTAA/OLR0984,334,13,292,1,146,146,146.0,0.0,0.0,0.0,0.0,0.0
DTAA/ONB0177,1439,0,962,1,617,345,0.0,0.0,0.0,0.0,0.0,0.0
DTAA/ONQ0625,1548,0,690,1,345,345,0.0,0.0,0.0,0.0,0.0,0.0
DTAA/ORW0580,1761,0,690,1,345,345,0.0,0.0,0.0,0.0,0.0,0.0
DTAA/OSH0281,1469,0,690,1,345,345,0.0,0.0,0.0,0.0,0.0,0.0
DTAA/OSS0859,1709,0,964,1,619,345,0.0,0.0,0.0,0.0,0.0,0.0
DTAA/OTS0256,1738,41,690,1,345,345,345.0,0.0,0.0,0.0,0.0,0.0
DTAA/OUS0565,412,0,558,1,358,200,0.0,0.0,0.0,0.0,0.0,0.0
DTAA/OXC0609,1460,0,690,1,345,345,0.0,0.0,0.0,0.0,0.0,0.0
DTAA/OYR0801,2388,283,1096,12,682,414,57.0,645.0,1.0,339.0,306.0,69.0
DTAA/OZD0789,1636,0,690,1,345,345,0.0,0.0,0.0,0.0,0.0,0.0
DTAA/OZM0468,1754,0,690,1,345,345,0.0,0.0,0.0,0.0,0.0,0.0
DTAA/PAC0722,1977,0,690,1,345,345,0.0,0.0,0.0,0.0,0.0,0.0
DTAA/PAG0557,2145,161,690,1,345,345,0.0,0.0,0.0,0.0,0.0,0.0
DTAA/PBH0441,282,0,262,1,131,131,0.0,0.0,0.0,0.0,0.0,0.0
DTAA/PCM0846,2068,169,1151,24,717,434,64.0,30.0,1.0,15.0,15.0,30.0
DTAA/PCO0684,1527,0,690,1,345,345,0.0,0.0,0.0,0.0,0.0,0.0
DTAA/PCS0097,1763,0,690,1,345,345,0.0,0.0,0.0,0.0,0.0,0.0
DTAA/PDB0413,45,0,88,1,44,44,0.0,0.0,0.0,0.0,0.0,0.0
DTAA/PDS0896,1763,0,690,1,345,345,0.0,0.0,0.0,0.0,0.0,0.0
DTAA/PFF0657,1897,0,690,1,345,345,0.0,0.0,0.0,0.0,0.0,0.0
DTAA/PID0096,1229,0,976,1,631,345,0.0,0.0,0.0,0.0,0.0,0.0
DTAA/PIG0194,1745,0,690,1,345,345,0.0,0.0,0.0,0.0,0.0,0.0
DTAA/PIP0746,2056,186,1019,21,651,368,0.0,517.0,1.0,274.0,243.0,61.0
DTAA/PJL0320,2149,99,1120,22,692,428,59.0,0.0,0.0,0.0,0.0,0.0
DTAA/PJS0809,1548,45,914,63,457,457,0.0,0.0,0.0,0.0,0.0,0.0
DTAA/PKH0542,1078,69,854,1,549,305,0.0,0.0,0.0,0.0,0.0,0.0
DTAA/PKM0092,2119,168,1038,24,652,386,16.0,0.0,0.0,0.0,0.0,0.0
DTAA/PKM0411,2058,0,690,1,345,345,0.0,0.0,0.0,0.0,0.0,0.0
DTAA/PMB0702,1938,35,1061,19,674,387,23.0,95.0,1.0,49.0,46.0,28.0
DTAA/PMG0890,1962,0,690,1,345,345,0.0,0.0,0.0,0.0,0.0,0.0
DTAA/PML0209,1707,0,690,1,345,345,0.0,0.0,0.0,0.0,0.0,0.0
DTAA/PRB0157,1527,0,690,1,345,345,0.0,0.0,0.0,0.0,0.0,0.0
DTAA/PRB0568,1493,0,690,1,345,345,0.0,0.0,0.0,0.0,0.0,0.0
DTAA/PRH0825,1615,0,690,1,345,345,0.0,0.0,0.0,0.0,0.0,0.0
DTAA/PRR0982,1639,0,690,1,345,345,0.0,0.0,0.0,0.0,0.0,0.0
DTAA/PSP0555,1645,0,1205,70,744,461,0.0,268.0,1.0,142.0,126.0,0.0
DTAA/PTH0957,2167,145,690,1,345,345,0.0,0.0,0.0,0.0,0.0,0.0
DTAA/PUH0847,1594,108,792,1,396,396,205.0,259.0,1.0,138.0,121.0,0.0
DTAA/PVH0124,1673,0,690,1,345,345,0.0,0.0,0.0,0.0,0.0,0.0
DTAA/PVW0713,1934,0,690,1,345,345,0.0,0.0,0.0,0.0,0.0,0.0
DTAA/PXB0069,1839,0,981,16,620,361,0.0,593.0,1.0,310.0,283.0,0.0
DTAA/QAM0113,1709,0,690,1,345,345,0.0,0.0,0.0,0.0,0.0,0.0
DTAA/QCD0829,1741,0,963,1,618,345,0.0,0.0,0.0,0.0,0.0,0.0
DTAA/QGF0292,1741,0,1157,59,719,438,0.0,0.0,0.0,0.0,0.0,0.0
DTAA/QGM0222,1489,0,690,1,345,345,0.0,0.0,0.0,0.0,0.0,0.0
DTAA/QKR0651,2065,252,830,48,415,415,3.0,464.0,1.0,243.0,221.0,94.0
DTAA/QLC0632,1232,0,690,1,345,345,0.0,0.0,0.0,0.0,0.0,0.0
DTAA/QLW0941,1353,0,1153,60,719,434,0.0,0.0,0.0,0.0,0.0,0.0
DTAA/QNC0832,1724,0,1188,68,733,455,0.0,0.0,0.0,0.0,0.0,0.0
DTAA/QNK0574,2136,82,690,1,345,345,0.0,0.0,0.0,0.0,0.0,0.0
DTAA/QOH0361,1579,0,946,1,601,345,0.0,0.0,0.0,0.0,0.0,0.0
DTAA/QVM0338,1724,0,690,1,345,345,0.0,0.0,0.0,0.0,0.0,0.0
DTAA/QZD0164,1721,0,970,1,625,345,0.0,0.0,0.0,0.0,0.0,0.0
DTAA/RAA0594,1623,0,690,1,345,345,0.0,0.0,0.0,0.0,0.0,0.0
DTAA/RAC0282,1559,7,993,1,639,354,9.0,0.0,0.0,0.0,0.0,0.0
DTAA/RAH0968,1648,32,836,31,418,418,41.0,69.0,1.0,35.0,34.0,69.0
DTAA/RAY0882,1363,0,966,1,621,345,0.0,0.0,0.0,0.0,0.0,0.0
DTAA/RBB0229,2303,127,690,1,345,345,0.0,0.0,0.0,0.0,0.0,0.0
DTAA/RBC0583,1324,9,1168,62,718,450,12.0,6.0,1.0,3.0,3.0,4.0
DTAA/RBC0879,1908,43,1079,10,681,398,44.0,616.0,1.0,324.0,292.0,16.0
DTAA/RBY0065,1850,59,838,44,419,419,20.0,0.0,0.0,0.0,0.0,0.0
DTAA/RCF0540,1389,0,690,1,345,345,0.0,0.0,0.0,0.0,0.0,0.0
DTAA/RCR0864,1549,0,690,1,345,345,0.0,0.0,0.0,0.0,0.0,0.0
DTAA/RCW0436,1479,0,690,1,345,345,0.0,190.0,1.0,101.0,89.0,0.0
DTAA/RDG0335,1489,0,690,1,345,345,0.0,0.0,0.0,0.0,0.0,0.0
DTAA/RDG0350,2139,0,690,1,345,345,0.0,0.0,0.0,0.0,0.0,0.0
DTAA/RDH0117,1963,0,690,1,345,345,0.0,0.0,0.0,0.0,0.0,0.0
DTAA/RDP0855,1287,0,690,1,345,345,0.0,0.0,0.0,0.0,0.0,0.0
DTAA/RDT0659,1544,0,963,1,618,345,0.0,0.0,0.0,0.0,0.0,0.0
DTAA/REK0484,1669,28,678,1,339,339,0.0,0.0,0.0,0.0,0.0,0.0
DTAA/RER0237,1710,0,961,1,616,345,0.0,0.0,0.0,0.0,0.0,0.0
DTAA/RES0962,1308,11,794,43,397,397,173.0,395.0,1.0,207.0,188.0,1.0
DTAA/RHP0688,1279,0,924,1,590,334,0.0,450.0,1.0,236.0,214.0,0.0
DTAA/RIG0024,294,0,272,1,136,136,0.0,0.0,0.0,0.0,0.0,0.0
DTAA/RIM0938,2075,183,690,1,345,345,0.0,0.0,0.0,0.0,0.0,0.0
DTAA/RJP0286,1993,0,690,1,345,345,0.0,0.0,0.0,0.0,0.0,0.0
DTAA/RJP0345,1709,0,971,1,626,345,0.0,0.0,0.0,0.0,0.0,0.0
DTAA/RJP0874,1624,0,690,1,345,345,0.0,0.0,0.0,0.0,0.0,0.0
DTAA/RJW0590,1803,0,690,1,345,345,0.0,0.0,0.0,0.0,0.0,0.0
DTAA/RKC0190,1650,0,690,1,345,345,0.0,0.0,0.0,0.0,0.0,0.0
DTAA/RKC0733,1911,5,690,1,345,345,0.0,0.0,0.0,0.0,0.0,0.0
DTAA/RKD0255,1850,0,690,1,345,345,0.0,0.0,0.0,0.0,0.0,0.0
DTAA/RLC0019,1789,0,690,1,345,345,0.0,0.0,0.0,0.0,0.0,0.0
DTAA/RLC0442,1777,135,778,1,389,389,41.0,71.0,1.0,36.0,35.0,71.0
DTAA/RLE0844,1715,0,690,1,345,345,0.0,0.0,0.0,0.0,0.0,0.0
DTAA/RLS0935,1894,0,690,1,345,345,0.0,0.0,0.0,0.0,0.0,0.0
DTAA/RLS0966,1717,0,690,1,345,345,0.0,0.0,0.0,0.0,0.0,0.0
DTAA/RLW0861,2025,20,690,1,345,345,0.0,0.0,0.0,0.0,0.0,0.0
DTAA/RME0699,1693,0,1126,70,698,428,0.0,518.0,1.0,274.0,244.0,0.0
DTAA/ROC0257,1705,0,690,1,345,345,0.0,0.0,0.0,0.0,0.0,0.0
DTAA/ROM0419,1190,0,690,1,345,345,0.0,0.0,0.0,0.0,0.0,0.0
DTAA/RQH0770,1729,69,1012,1,646,366,19.0,122.0,1.0,66.0,56.0,0.0
DTAA/RRF0245,1757,10,690,1,345,345,0.0,0.0,0.0,0.0,0.0,0.0
DTAA/RRL0780,1675,0,956,1,611,345,0.0,0.0,0.0,0.0,0.0,0.0
DTAA/RSG0385,1606,0,690,1,345,345,0.0,0.0,0.0,0.0,0.0,0.0
DTAA/RSJ0328,1656,0,690,1,345,345,0.0,0.0,0.0,0.0,0.0,0.0
DTAA/RTH0376,41,0,88,1,44,44,0.0,0.0,0.0,0.0,0.0,0.0
DTAA/RVM0826,1787,0,690,1,345,345,0.0,0.0,0.0,0.0,0.0,0.0
DTAA/RVS0852,1742,0,1208,76,746,462,0.0,400.0,1.0,211.0,189.0,0.0
DTAA/RWD0210,1853,13,690,1,345,345,180.0,0.0,0.0,0.0,0.0,0.0
DTAA/RXE0207,1715,0,1019,27,644,375,0.0,119.0,1.0,63.0,56.0,0.0
DTAA/RXM0204,681,0,885,1,570,315,0.0,0.0,0.0,0.0,0.0,0.0
DTAA/RZW0369,2054,0,961,1,616,345,0.0,0.0,0.0,0.0,0.0,0.0
DTAA/SAE0683,186,0,176,1,88,88,0.0,0.0,0.0,0.0,0.0,0.0
DTAA/SAH0192,1526,99,1080,1,674,406,52.0,432.0,1.0,225.0,207.0,38.0
DTAA/SAM0954,1252,0,912,76,456,456,0.0,0.0,0.0,0.0,0.0,0.0
DTAA/SAO0167,1700,0,690,1,345,345,0.0,0.0,0.0,0.0,0.0,0.0
DTAA/SAP0304,1707,62,1036,1,657,379,30.0,14.0,1.0,7.0,7.0,14.0
DTAA/SAS0433,1228,0,690,1,345,345,0.0,0.0,0.0,0.0,0.0,0.0
DTAA/SAS0601,2017,27,690,1,345,345,0.0,0.0,0.0,0.0,0.0,0.0
DTAA/SBB0044,1835,95,690,1,345,345,0.0,0.0,0.0,0.0,0.0,0.0
DTAA/SBC0360,1550,0,690,1,345,345,0.0,0.0,0.0,0.0,0.0,0.0
DTAA/SBH0674,1315,4,1091,48,678,413,183.0,0.0,0.0,0.0,0.0,0.0
DTAA/SBK0108,1449,0,690,1,345,345,0.0,0.0,0.0,0.0,0.0,0.0
DTAA/SBM0217,1823,0,690,1,345,345,0.0,0.0,0.0,0.0,0.0,0.0
DTAA/SCB0529,1938,0,690,1,345,345,0.0,0.0,0.0,0.0,0.0,0.0
DTAA/SCJ0498,1593,0,969,1,624,345,0.0,0.0,0.0,0.0,0.0,0.0
DTAA/SCK0576,1389,0,690,1,345,345,0.0,0.0,0.0,0.0,0.0,0.0
DTAA/SCW0707,1334,0,1155,61,720,435,0.0,515.0,1.0,271.0,244.0,0.0
DTAA/SDC0032,1673,75,1121,18,698,423,55.0,398.0,1.0,207.0,191.0,58.0
DTAA/SDL0679,1800,23,690,1,345,345,0.0,0.0,0.0,0.0,0.0,0.0
DTAA/SDM0333,1583,0,690,1,345,345,0.0,0.0,0.0,0.0,0.0,0.0
DTAA/SDR0010,1626,0,690,1,345,345,0.0,0.0,0.0,0.0,0.0,0.0
DTAA/SEF0446,529,3,769,15,485,284,5.0,252.0,1.0,132.0,120.0,2.0
DTAA/SER0835,1716,0,690,1,345,345,0.0,0.0,0.0,0.0,0.0,0.0
DTAA/SES0660,5,0,38,1,19,19,0.0,0.0,0.0,0.0,0.0,0.0
DTAA/SFS0308,2033,158,690,1,345,345,0.0,0.0,0.0,0.0,0.0,0.0
DTAA/SGC0118,1422,0,690,1,345,345,0.0,0.0,0.0,0.0,0.0,0.0
DTAA/SGG0584,2061,311,963,1,618,345,0.0,0.0,0.0,0.0,0.0,0.0
DTAA/SGS0352,1804,3,690,1,345,345,175.0,0.0,0.0,0.0,0.0,0.0
DTAA/SHR0025,1528,20,1207,60,740,467,33.0,350.0,1.0,184.0,166.0,17.0
DTAA/SHS0608,1212,0,690,1,345,345,0.0,0.0,0.0,0.0,0.0,0.0
DTAA/SHT0953,1828,0,690,1,345,345,0.0,0.0,0.0,0.0,0.0,0.0
DTAA/SIP0805,1523,0,690,1,345,345,0.0,0.0,0.0,0.0,0.0,0.0
DTAA/SIR0586,1403,0,690,1,345,345,0.0,0.0,0.0,0.0,0.0,0.0
DTAA/SJA0691,1222,0,1006,17,644,362,0.0,258.0,1.0,137.0,121.0,0.0
DTAA/SJB0751,1791,0,690,1,345,345,0.0,0.0,0.0,0.0,0.0,0.0
DTAA/SJC0487,1646,0,890,70,445,445,0.0,0.0,0.0,0.0,0.0,0.0
DTAA/SJC0735,1729,0,690,1,345,345,0.0,0.0,0.0,0.0,0.0,0.0
DTAA/SJH0588,2185,302,1117,20,699,418,52.0,609.0,1.0,321.0,288.0,126.0
DTAA/SJH0907,1538,32,690,1,345,345,345.0,0.0,0.0,0.0,0.0,0.0
DTAA/SKB0263,1595,0,690,1,345,345,0.0,0.0,0.0,0.0,0.0,0.0
DTAA/SKH0467,1188,0,1002,15,642,360,0.0,124.0,1.0,66.0,58.0,0.0
DTAA/SKL0881,2195,458,974,1,629,345,0.0,0.0,0.0,0.0,0.0,0.0
DTAA/SKP0270,1780,0,690,1,345,345,0.0,0.0,0.0,0.0,0.0,0.0
DTAA/SKW0871,1617,0,972,1,627,345,0.0,528.0,1.0,278.0,250.0,0.0
DTAA/SLC0778,1626,0,964,1,619,345,0.0,656.0,1.0,345.0,311.0,0.0
DTAA/SLG0008,1809,0,690,1,345,345,0.0,0.0,0.0,0.0,0.0,0.0
DTAA/SLM0589,1637,0,690,1,345,345,0.0,0.0,0.0,0.0,0.0,0.0
DTAA/SLM0781,1906,0,973,1,628,345,0.0,0.0,0.0,0.0,0.0,0.0
DTAA/SMC0139,1569,0,910,74,455,455,0.0,0.0,0.0,0.0,0.0,0.0
DTAA/SMD0773,1421,0,690,1,345,345,0.0,0.0,0.0,0.0,0.0,0.0
DTAA/SML0086,1418,0,949,1,604,345,0.0,0.0,0.0,0.0,0.0,0.0
DTAA/SML0486,1741,0,957,1,612,345,0.0,0.0,0.0,0.0,0.0,0.0
DTAA/SMW0913,1472,0,690,1,345,345,0.0,0.0,0.0,0.0,0.0,0.0
DTAA/SND0611,2025,12,690,1,345,345,0.0,0.0,0.0,0.0,0.0,0.0
DTAA/SOG0461,1695,0,690,1,345,345,0.0,0.0,0.0,0.0,0.0,0.0
DTAA/SOM0478,1070,0,864,59,432,432,0.0,196.0,1.0,104.0,92.0,0.0
DTAA/SPK0818,1462,0,1003,16,641,362,0.0,517.0,1.0,274.0,243.0,0.0
DTAA/SRN0275,2221,308,1131,41,703,428,34.0,14.0,1.0,7.0,7.0,14.0
DTAA/SSB0151,1571,0,690,1,345,345,0.0,0.0,0.0,0.0,0.0,0.0
DTAA/SSC0047,1770,19,972,1,627,345,0.0,0.0,0.0,0.0,0.0,0.0
DTAA/SSC0387,1766,13,690,1,345,345,0.0,0.0,0.0,0.0,0.0,0.0
DTAA/SSH0085,1904,0,690,1,345,345,0.0,0.0,0.0,0.0,0.0,0.0
DTAA/SSH0144,1310,0,1144,56,716,428,0.0,0.0,0.0,0.0,0.0,0.0
DTAA/SSV0560,200,0,206,1,103,103,0.0,0.0,0.0,0.0,0.0,0.0
DTAA/SSW0815,1319,0,690,1,345,345,0.0,0.0,0.0,0.0,0.0,0.0
DTAA/STC0066,1711,5,690,1,345,345,162.0,0.0,0.0,0.0,0.0,0.0
DTAA/STF0145,1923,315,1080,8,682,398,44.0,269.0,1.0,140.0,129.0,0.0
DTAA/SVC0175,1685,0,690,1,345,345,0.0,0.0,0.0,0.0,0.0,0.0
DTAA/SVM0756,1602,0,690,1,345,345,0.0,0.0,0.0,0.0,0.0,0.0
DTAA/SWM0768,1903,0,690,1,345,345,0.0,0.0,0.0,0.0,0.0,0.0
DTAA/SXH0895,977,24,734,19,367,367,346.0,0.0,0.0,0.0,0.0,0.0
DTAA/TAO0639,1613,62,738,24,369,369,0.0,254.0,1.0,134.0,120.0,12.0
DTAA/TCH0230,1257,0,690,1,345,345,0.0,0.0,0.0,0.0,0.0,0.0
DTAA/TCR0218,592,0,560,1,280,280,0.0,0.0,0.0,0.0,0.0,0.0
DTAA/TDW0348,1469,0,690,1,345,345,0.0,0.0,0.0,0.0,0.0,0.0
DTAA/TEG0502,1652,0,690,1,345,345,0.0,0.0,0.0,0.0,0.0,0.0
DTAA/TER0923,1403,0,690,1,345,345,0.0,0.0,0.0,0.0,0.0,0.0
DTAA/TFS0216,1242,10,690,1,345,345,189.0,0.0,0.0,0.0,0.0,0.0
DTAA/TGC0670,1464,0,1145,56,710,435,0.0,0.0,0.0,0.0,0.0,0.0
DTAA/THB0783,1615,0,690,1,345,345,0.0,0.0,0.0,0.0,0.0,0.0
DTAA/THL0671,1207,0,718,14,359,359,0.0,0.0,0.0,0.0,0.0,0.0
DTAA/THS0006,1246,0,690,1,345,345,0.0,0.0,0.0,0.0,0.0,0.0
DTAA/TIW0195,1374,0,690,1,345,345,0.0,0.0,0.0,0.0,0.0,0.0
DTAA/TJP0714,1212,68,1030,19,652,378,8.0,0.0,0.0,0.0,0.0,0.0
DTAA/TKG0523,1950,12,690,1,345,345,0.0,0.0,0.0,0.0,0.0,0.0
DTAA/TKH0211,2093,213,1091,14,680,411,51.0,58.0,1.0,29.0,29.0,58.0
DTAA/TLB0017,1100,0,824,49,412,412,0.0,316.0,1.0,167.0,149.0,0.0
DTAA/TLB0831,1352,0,690,1,345,345,0.0,0.0,0.0,0.0,0.0,0.0
DTAA/TLV0936,1546,0,690,1,345,345,0.0,0.0,0.0,0.0,0.0,0.0
DTAA/TNB0740,1378,0,742,25,371,371,0.0,391.0,1.0,204.0,187.0,0.0
DTAA/TPC0102,1570,87,1199,56,741,458,26.0,11.0,1.0,6.0,5.0,11.0
DTAA/TQC0249,1345,9,730,21,365,365,169.0,0.0,0.0,0.0,0.0,0.0
DTAA/TRB0414,1603,40,1148,63,713,435,347.0,0.0,0.0,0.0,0.0,0.0
DTAA/TRP0068,1577,0,690,1,345,345,0.0,0.0,0.0,0.0,0.0,0.0
DTAA/TRT0979,302,0,322,1,161,161,0.0,0.0,0.0,0.0,0.0,0.0
DTAA/TSC0431,1695,0,690,1,345,345,0.0,0.0,0.0,0.0,0.0,0.0
DTAA/TSM0130,1846,10,962,1,617,345,0.0,0.0,0.0,0.0,0.0,0.0
DTAA/TTG0637,1976,14,690,1,345,345,0.0,0.0,0.0,0.0,0.0,0.0
DTAA/TUA0298,1614,2,1149,53,715,434,6.0,0.0,0.0,0.0,0.0,0.0
DTAA/TXR0884,1749,0,690,1,345,345,0.0,0.0,0.0,0.0,0.0,0.0
DTAA/TZB0870,1126,0,690,1,345,345,0.0,0.0,0.0,0.0,0.0,0.0
DTAA/UAD0165,1921,0,690,1,345,345,0.0,0.0,0.0,0.0,0.0,0.0
DTAA/UBB0186,1711,0,690,1,345,345,0.0,0.0,0.0,0.0,0.0,0.0
DTAA/UBH0964,1675,0,968,1,623,345,0.0,0.0,0.0,0.0,0.0,0.0
DTAA/UCM0106,1725,170,690,1,345,345,0.0,0.0,0.0,0.0,0.0,0.0
DTAA/UGW0223,30,0,88,1,44,44,0.0,0.0,0.0,0.0,0.0,0.0
DTAA/UJC0849,1690,0,690,1,345,345,0.0,0.0,0.0,0.0,0.0,0.0
DTAA/ULB0178,1411,0,1002,19,635,367,0.0,0.0,0.0,0.0,0.0,0.0
DTAA/UMB0449,1383,0,998,21,633,365,0.0,0.0,0.0,0.0,0.0,0.0
DTAA/UMK0142,1550,0,690,1,345,345,0.0,0.0,0.0,0.0,0.0,0.0
DTAA/USB0641,1816,132,668,1,334,334,0.0,0.0,0.0,0.0,0.0,0.0
DTAA/VAH0262,1914,332,1095,51,685,410,9.0,0.0,0.0,0.0,0.0,0.0
DTAA/VAP0168,1871,15,962,1,617,345,0.0,0.0,0.0,0.0,0.0,0.0
DTAA/VBW0447,1597,0,690,1,345,345,0.0,0.0,0.0,0.0,0.0,0.0
DTAA/VCG0663,1220,0,1147,60,714,433,0.0,338.0,1.0,177.0,161.0,0.0
DTAA/VDP0070,1371,0,690,1,345,345,0.0,0.0,0.0,0.0,0.0,0.0
DTAA/VFP0669,1506,0,1189,67,735,454,0.0,379.0,1.0,198.0,181.0,0.0
DTAA/VFS0231,1556,0,690,1,345,345,0.0,0.0,0.0,0.0,0.0,0.0
DTAA/VFT0014,1795,0,690,1,345,345,0.0,0.0,0.0,0.0,0.0,0.0
DTAA/VIR0488,1498,0,690,1,345,345,0.0,0.0,0.0,0.0,0.0,0.0
DTAA/VJD0704,1374,0,690,1,345,345,0.0,0.0,0.0,0.0,0.0,0.0
DTAA/VKB0605,1378,0,690,1,345,345,0.0,135.0,1.0,72.0,63.0,0.0
DTAA/VMA0051,1483,0,996,12,639,357,0.0,395.0,1.0,208.0,187.0,0.0
DTAA/VMF0423,311,0,410,1,205,205,0.0,0.0,0.0,0.0,0.0,0.0
DTAA/VMM0309,1198,0,922,69,461,461,0.0,0.0,0.0,0.0,0.0,0.0
DTAA/VNM0127,2049,276,768,1,384,384,37.0,297.0,1.0,155.0,142.0,74.0
DTAA/VUF0522,1723,0,955,1,610,345,0.0,0.0,0.0,0.0,0.0,0.0
DTAA/WAB0970,1595,0,690,1,345,345,0.0,0.0,0.0,0.0,0.0,0.0
DTAA/WAH0813,1679,0,690,1,345,345,0.0,0.0,0.0,0.0,0.0,0.0
DTAA/WBW0591,1848,0,690,1,345,345,0.0,0.0,0.0,0.0,0.0,0.0
DTAA/WCB0440,1334,0,690,1,345,345,0.0,0.0,0.0,0.0,0.0,0.0
DTAA/WCM0391,1843,66,690,1,345,345,0.0,0.0,0.0,0.0,0.0,0.0
DTAA/WCN0570,1881,29,742,8,371,371,19.0,199.0,1.0,103.0,96.0,0.0
DTAA/WDW0064,1612,0,690,1,345,345,0.0,0.0,0.0,0.0,0.0,0.0
DTAA/WDW0198,1344,0,690,1,345,345,0.0,0.0,0.0,0.0,0.0,0.0
DTAA/WDW0485,1338,0,1096,50,682,414,0.0,595.0,1.0,312.0,283.0,0.0
DTAA/WFH0909,1715,0,690,1,345,345,0.0,0.0,0.0,0.0,0.0,0.0
DTAA/WFL0495,299,0,466,22,294,172,0.0,0.0,0.0,0.0,0.0,0.0
DTAA/WGL0515,1778,0,690,1,345,345,0.0,0.0,0.0,0.0,0.0,0.0
DTAA/WJG0153,1350,0,971,1,626,345,0.0,189.0,1.0,101.0,88.0,0.0
DTAA/WJR0592,1345,0,690,1,345,345,0.0,0.0,0.0,0.0,0.0,0.0
DTAA/WKH0407,1644,69,954,1,609,345,0.0,0.0,0.0,0.0,0.0,0.0
DTAA/WLB0169,1589,0,958,1,613,345,0.0,0.0,0.0,0.0,0.0,0.0
DTAA/WMJ0364,1362,0,971,1,626,345,0.0,395.0,1.0,207.0,188.0,0.0
DTAA/WNS0816,1544,0,976,1,631,345,0.0,0.0,0.0,0.0,0.0,0.0
DTAA/WOT0549,1390,119,1163,47,723,440,33.0,342.0,1.0,181.0,161.0,15.0
DTAA/WPH0764,1562,0,690,1,345,345,0.0,0.0,0.0,0.0,0.0,0.0
DTAA/WSL0470,1319,0,971,1,626,345,0.0,0.0,0.0,0.0,0.0,0.0
DTAA/WTA0867,1415,55,756,1,378,378,32.0,65.0,1.0,33.0,32.0,63.0
DTAA/WWC0894,1501,0,690,1,345,345,0.0,0.0,0.0,0.0,0.0,0.0
DTAA/XCB0445,1635,26,814,50,407,407,11.0,0.0,0.0,0.0,0.0,0.0
DTAA/XGB0052,1658,0,690,1,345,345,0.0,0.0,0.0,0.0,0.0,0.0
DTAA/XHN0227,1660,43,690,1,345,345,345.0,0.0,0.0,0.0,0.0,0.0
DTAA/XIN0791,1942,68,720,1,360,360,15.0,0.0,0.0,0.0,0.0,0.0
DTAA/XKR0971,1868,10,690,1,345,345,0.0,387.0,1.0,205.0,182.0,4.0
DTAA/XQW0354,1300,0,1148,69,716,432,0.0,340.0,1.0,180.0,160.0,0.0
DTAA/XRP0435,1681,10,690,1,345,345,0.0,0.0,0.0,0.0,0.0,0.0
DTAA/XXD0650,1724,0,690,1,345,345,0.0,0.0,0.0,0.0,0.0,0.0
DTAA/YCB0005,1536,0,970,1,625,345,0.0,656.0,1.0,345.0,311.0,0.0
DTAA/YCB0967,1598,0,690,1,345,345,0.0,0.0,0.0,0.0,0.0,0.0
DTAA/YCD0922,1690,18,690,1,345,345,188.0,0.0,0.0,0.0,0.0,0.0
DTAA/YCS0667,1125,0,690,1,345,345,0.0,0.0,0.0,0.0,0.0,0.0
DTAA/YCV0635,1522,0,690,1,345,345,0.0,206.0,1.0,107.0,99.0,0.0
DTAA/YJJ0129,1186,0,862,59,431,431,0.0,0.0,0.0,0.0,0.0,0.0
DTAA/YLO0362,1659,0,690,1,345,345,0.0,0.0,0.0,0.0,0.0,0.0
DTAA/YQW0689,1646,4,1106,52,692,414,180.0,264.0,1.0,138.0,126.0,0.0
DTAA/YSH0268,1667,0,690,1,345,345,0.0,0.0,0.0,0.0,0.0,0.0
DTAA/YVF0045,1275,0,1177,67,720,457,0.0,0.0,0.0,0.0,0.0,0.0
DTAA/ZAB0889,1947,230,1061,1,669,392,47.0,72.0,1.0,37.0,35.0,72.0
DTAA/ZBH0980,1549,0,690,1,345,345,0.0,0.0,0.0,0.0,0.0,0.0
DTAA/ZBM0626,1458,8,690,1,345,345,174.0,0.0,0.0,0.0,0.0,0.0
DTAA/ZCA0652,1337,0,974,1,629,345,0.0,0.0,0.0,0.0,0.0,0.0
DTAA/ZCH0336,1508,0,690,1,345,345,0.0,0.0,0.0,0.0,0.0,0.0
DTAA/ZGH0528,1465,0,972,1,627,345,0.0,0.0,0.0,0.0,0.0,0.0
DTAA/ZKE0662,2034,148,969,1,624,345,0.0,0.0,0.0,0.0,0.0,0.0
DTAA/ZKH0388,1663,36,1066,44,674,392,345.0,268.0,1.0,141.0,127.0,2.0
DTAA/ZKN0548,1723,0,690,1,345,345,0.0,0.0,0.0,0.0,0.0,0.0
DTAA/ZRR0705,1412,0,690,1,345,345,0.0,0.0,0.0,0.0,0.0,0.0
