scenario,user,scenario_start,scenario_end,total_events,logon_count,logoff_count,device_connect_count,device_disconnect_count,http_count,after_hours_events,after_hours_logon,after_hours_http,wikileaks_access,unique_pcs,scenario_duration_hours,insider_label
r4.2-1-AAM0658,AAM0658,2010-10-23 01:34:19,2010-10-29 05:23:28,10,2,2,2,2,2,10,2,2,2,1,147.81916666666666,1
r4.2-1-AJR0932,AJR0932,2010-09-10 19:12:01,2010-09-18 02:02:51,10,2,2,2,2,2,10,2,2,2,1,174.84722222222223,1
r4.2-1-BDV0168,BDV0168,2010-07-30 19:56:44,2010-08-10 05:16:41,15,3,3,3,3,3,15,3,3,3,1,249.3325,1
r4.2-1-BIH0745,BIH0745,2010-07-13 20:15:23,2010-07-13 21:20:44,5,1,1,1,1,1,5,1,1,1,1,1.0891666666666666,1
r4.2-1-BLS0678,BLS0678,2010-09-21 01:16:22,2010-09-30 04:48:19,10,2,2,2,2,2,8,1,2,2,1,219.5325,1
r4.2-1-BTL0226,BTL0226,2010-10-06 22:25:52,2010-10-14 06:43:29,15,3,3,3,3,3,15,3,3,3,1,176.29361111111112,1
r4.2-1-CAH0936,CAH0936,2010-08-11 04:00:08,2010-08-12 23:56:19,10,2,2,2,2,2,10,2,2,2,1,43.93638888888889,1
r4.2-1-DCH0843,DCH0843,2011-02-04 07:08:00,2011-02-04 07:36:05,5,1,1,1,1,1,0,0,0,1,1,0.46805555555555556,1
r4.2-1-EHB0824,EHB0824,2010-07-22 21:48:43,2010-07-29 01:08:41,20,4,4,4,4,4,18,4,4,4,1,147.33277777777778,1
r4.2-1-EHD0584,EHD0584,2010-10-02 03:46:16,2010-10-08 22:26:26,15,3,3,3,3,3,15,3,3,3,1,162.66944444444445,1
r4.2-1-FMG0527,FMG0527,2011-01-05 21:53:29,2011-01-12 01:15:35,10,2,2,2,2,2,10,2,2,2,1,147.36833333333334,1
r4.2-1-FTM0406,FTM0406,2010-11-25 06:35:11,2010-12-02 00:35:19,10,2,2,2,2,2,10,2,2,2,1,162.00222222222223,1
r4.2-1-GHL0460,GHL0460,2010-11-09 06:28:40,2010-11-09 07:08:45,5,1,1,1,1,1,3,1,1,1,1,0.6680555555555555,1
r4.2-1-HJB0742,HJB0742,2010-11-19 05:53:16,2010-11-25 04:51:16,10,2,2,2,2,2,10,2,2,2,1,142.96666666666667,1
r4.2-1-JMB0308,JMB0308,2010-07-14 00:56:15,2010-07-21 01:46:49,15,3,3,3,3,3,15,3,3,3,1,168.84277777777777,1
r4.2-1-JRG0207,JRG0207,2011-01-19 20:25:05,2011-01-26 02:38:27,10,2,2,2,2,2,9,1,2,2,1,150.22277777777776,1
r4.2-1-KLH0596,KLH0596,2011-02-12 07:11:50,2011-02-12 07:33:24,5,1,1,1,1,1,0,0,0,1,1,0.35944444444444446,1
r4.2-1-KPC0073,KPC0073,2010-07-07 20:05:29,2010-07-15 03:08:16,15,3,3,3,3,3,15,3,3,3,1,175.04638888888888,1
r4.2-1-LJR0523,LJR0523,2010-07-31 07:43:15,2010-08-11 04:28:49,20,4,4,4,4,4,15,3,3,4,1,260.75944444444445,1
r4.2-1-LQC0479,LQC0479,2010-09-14 19:46:17,2010-09-22 01:08:02,15,3,3,3,3,3,15,3,3,3,1,173.3625,1
r4.2-1-MAR0955,MAR0955,2011-02-08 05:55:53,2011-02-11 06:29:08,15,3,3,3,3,3,15,3,3,3,1,72.55416666666666,1
r4.2-1-MAS0025,MAS0025,2010-09-29 01:39:20,2010-09-30 22:39:20,10,2,2,2,2,2,10,2,2,2,1,45.0,1
r4.2-1-MCF0600,MCF0600,2010-09-20 23:52:19,2010-09-23 02:00:46,15,3,3,3,3,3,15,3,3,3,1,50.14083333333333,1
r4.2-1-MYD0978,MYD0978,2010-12-13 20:30:07,2010-12-18 07:02:34,15,3,3,3,3,3,13,3,3,3,1,106.54083333333334,1
r4.2-1-PPF0435,PPF0435,2011-02-09 03:00:27,2011-02-09 06:46:27,5,1,1,1,1,1,5,1,1,1,1,3.7666666666666666,1
r4.2-1-RAB0589,RAB0589,2010-09-13 23:18:53,2010-09-23 07:30:03,10,2,2,2,2,2,6,2,1,2,1,224.1861111111111,1
r4.2-1-RGG0064,RGG0064,2010-10-20 20:12:23,2010-10-27 03:03:52,15,3,3,3,3,3,15,3,3,3,1,150.85805555555555,1
r4.2-1-RKD0604,RKD0604,2010-07-13 20:04:53,2010-07-20 03:36:55,10,2,2,2,2,2,10,2,2,2,1,151.5338888888889,1
r4.2-1-TAP0551,TAP0551,2010-10-23 02:55:51,2010-10-29 05:56:18,10,2,2,2,2,2,10,2,2,2,1,147.0075,1
r4.2-1-WDD0366,WDD0366,2011-02-24 19:49:41,2011-03-03 01:01:02,10,2,2,2,2,2,10,2,2,2,1,149.18916666666667,1
r4.2-2-AAF0535,AAF0535,2010-06-28 08:51:08,2010-08-20 15:38:04,210,0,0,44,44,122,0,0,0,0,1,1278.7822222222221,1
r4.2-2-ABC0174,ABC0174,2010-10-27 14:11:03,2010-12-24 15:53:02,237,0,0,47,47,143,0,0,0,0,1,1393.6997222222221,1
r4.2-2-AKR0057,AKR0057,2010-10-04 08:48:26,2010-11-29 18:48:10,235,0,0,53,53,129,0,0,0,0,1,1353.9955555555555,1
r4.2-2-CCL0068,CCL0068,2010-12-27 09:20:16,2011-02-21 08:25:17,236,0,0,66,66,104,0,0,0,0,1,1343.0836111111112,1
r4.2-2-CEJ0109,CEJ0109,2011-02-07 11:16:58,2011-04-01 17:23:43,190,0,0,35,35,120,0,0,0,0,1,1278.1125,1
r4.2-2-CQW0652,CQW0652,2011-02-18 09:22:22,2011-04-14 20:58:56,190,0,0,35,35,120,34,0,21,0,1,1331.6094444444445,1
r4.2-2-DIB0285,DIB0285,2010-07-26 16:23:45,2010-09-13 17:13:29,172,0,0,28,28,116,0,0,0,0,1,1176.828888888889,1
r4.2-2-DRR0162,DRR0162,2010-11-11 07:01:17,2011-01-04 15:43:53,207,0,0,49,49,109,0,0,0,0,1,1304.71,1
r4.2-2-EDB0714,EDB0714,2010-10-18 10:58:12,2010-12-14 14:17:02,208,0,0,40,40,128,0,0,0,0,1,1371.3138888888889,1
r4.2-2-EGD0132,EGD0132,2010-08-02 10:01:20,2010-09-28 17:24:42,247,0,0,50,50,147,0,0,0,0,1,1375.3894444444445,1
r4.2-2-FSC0601,FSC0601,2011-01-18 08:42:08,2011-03-17 16:45:04,210,0,0,37,37,136,0,0,0,0,1,1400.048888888889,1
r4.2-2-HBO0413,HBO0413,2011-02-14 08:15:24,2011-04-08 15:25:10,229,0,0,51,51,127,0,0,0,0,1,1279.1627777777778,1
r4.2-2-HXL0968,HXL0968,2010-08-31 07:51:41,2010-10-28 16:06:01,253,0,0,64,64,125,0,0,0,0,1,1400.2388888888888,1
r4.2-2-IJM0776,IJM0776,2010-07-06 08:33:06,2010-09-01 14:10:31,198,0,0,32,32,134,0,0,0,0,1,1373.6236111111111,1
r4.2-2-IKR0401,IKR0401,2010-12-27 08:57:14,2011-02-17 18:21:57,202,0,0,46,46,110,0,0,0,0,1,1257.4119444444445,1
r4.2-2-IUB0565,IUB0565,2010-10-06 09:20:43,2010-11-30 17:49:20,188,0,0,32,32,124,0,0,0,0,1,1328.4769444444444,1
r4.2-2-JJM0203,JJM0203,2010-09-02 07:40:34,2010-10-19 17:04:21,198,0,0,31,31,136,0,0,0,0,1,1137.3963888888889,1
r4.2-2-KRL0501,KRL0501,2010-11-22 09:38:30,2011-01-19 17:06:28,207,0,0,44,44,119,0,0,0,0,1,1399.466111111111,1
r4.2-2-LCC0819,LCC0819,2010-06-16 11:39:58,2010-08-10 18:31:17,187,0,0,37,37,113,15,0,10,0,1,1326.8552777777777,1
r4.2-2-MDH0580,MDH0580,2011-01-04 09:13:35,2011-03-03 11:40:25,213,0,0,42,42,129,0,0,0,0,1,1394.4472222222223,1
r4.2-2-MOS0047,MOS0047,2010-07-15 07:23:37,2010-09-10 19:34:22,337,0,0,104,104,129,75,0,0,0,50,1380.1791666666666,1
r4.2-2-NWT0098,NWT0098,2011-02-07 16:40:17,2011-04-05 14:00:24,200,0,0,35,35,130,0,0,0,0,1,1365.3352777777777,1
r4.2-2-PNL0301,PNL0301,2010-06-14 09:25:31,2010-08-03 16:54:30,179,0,0,33,32,114,0,0,0,0,1,1207.4830555555557,1
r4.2-2-PSF0133,PSF0133,2010-08-02 10:46:58,2010-09-29 16:23:30,212,0,0,42,42,128,0,0,0,0,1,1397.608888888889,1
r4.2-2-RAR0725,RAR0725,2010-07-06 08:07:33,2010-08-18 16:37:57,213,0,0,32,32,149,0,0,0,0,1,1040.5066666666667,1
r4.2-2-RHL0992,RHL0992,2010-07-13 09:46:08,2010-09-09 20:45:13,208,0,0,35,34,139,32,0,16,0,1,1402.9847222222222,1
r4.2-2-RMW0542,RMW0542,2010-06-21 09:04:43,2010-08-18 17:37:38,220,0,0,49,48,123,0,0,0,0,1,1400.548611111111,1
r4.2-2-TNM0961,TNM0961,2010-10-15 07:04:48,2010-12-09 16:05:04,205,0,0,40,40,125,0,0,0,0,1,1329.0044444444445,1
r4.2-2-VSS0154,VSS0154,2010-09-07 09:49:28,2010-10-29 16:40:54,174,0,0,32,32,110,0,0,0,0,1,1254.8572222222222,1
r4.2-2-XHW0498,XHW0498,2010-08-09 12:48:49,2010-10-06 16:05:32,180,0,0,40,40,100,0,0,0,0,1,1395.278611111111,1
r4.2-3-BBS0039,BBS0039,2010-08-12 13:35:00,2010-08-13 18:50:00,11,2,2,2,2,3,4,1,0,0,2,29.25,1
r4.2-3-BBS0039,FAW0032,2010-08-13 18:57:29,2010-08-13 19:08:58,2,1,1,0,0,0,1,0,0,0,1,0.1913888888888889,1
r4.2-3-BSS0369,BSS0369,2010-09-30 16:02:50,2010-10-01 19:33:45,9,2,2,2,2,1,6,2,0,0,2,27.51527777777778,1
r4.2-3-BSS0369,FBA0348,2010-10-01 19:40:01,2010-10-01 19:48:03,2,1,1,0,0,0,2,1,0,0,1,0.1338888888888889,1
r4.2-3-CCA0046,CCA0046,2010-10-14 14:48:28,2010-10-15 19:41:57,17,2,2,2,2,9,6,2,0,0,2,28.89138888888889,1
r4.2-3-CCA0046,FAW0032,2010-10-15 19:48:33,2010-10-15 20:01:27,2,1,1,0,0,0,2,1,0,0,1,0.215,1
r4.2-3-CSC0217,CSC0217,2010-06-10 14:37:05,2010-06-11 17:20:14,11,2,2,2,2,3,0,0,0,0,2,26.719166666666666,1
r4.2-3-CSC0217,FAW0032,2010-06-11 17:28:25,2010-06-11 17:42:48,2,1,1,0,0,0,0,0,0,0,1,0.23972222222222223,1
r4.2-3-GTD0219,FAW0032,2010-06-18 17:41:14,2010-06-18 17:50:42,2,1,1,0,0,0,0,0,0,0,1,0.15777777777777777,1
r4.2-3-GTD0219,GTD0219,2010-06-17 14:17:26,2010-06-18 17:36:08,16,2,2,2,2,8,0,0,0,0,2,27.311666666666667,1
r4.2-3-JGT0221,FAW0032,2010-07-16 19:26:46,2010-07-16 19:33:29,2,1,1,0,0,0,2,1,0,0,1,0.11194444444444444,1
r4.2-3-JGT0221,JGT0221,2010-07-15 13:10:49,2010-07-16 19:20:38,15,2,2,2,2,7,2,1,0,0,2,30.163611111111113,1
r4.2-3-JLM0364,FBA0348,2011-04-29 19:56:47,2011-04-29 20:04:27,2,1,1,0,0,0,2,1,0,0,1,0.12777777777777777,1
r4.2-3-JLM0364,JLM0364,2011-04-28 14:59:15,2011-04-29 19:47:48,15,2,2,2,2,7,6,2,0,0,2,28.809166666666666,1
r4.2-3-JTM0223,FAW0032,2010-07-23 17:46:25,2010-07-23 18:01:20,2,1,1,0,0,0,0,0,0,0,1,0.24861111111111112,1
r4.2-3-JTM0223,JTM0223,2010-07-22 12:35:44,2010-07-23 17:39:52,14,2,2,2,2,6,4,1,0,0,2,29.06888888888889,1
r4.2-3-MPM0220,FAW0032,2010-11-05 19:23:18,2010-11-05 19:29:06,2,1,1,0,0,0,2,1,0,0,1,0.09666666666666666,1
r4.2-3-MPM0220,MPM0220,2010-11-04 15:05:18,2010-11-05 19:13:18,14,2,2,2,2,6,5,1,0,0,2,28.133333333333333,1
r4.2-3-MSO0222,FAW0032,2010-12-10 17:30:04,2010-12-10 17:39:36,2,1,1,0,0,0,0,0,0,0,1,0.15888888888888889,1
r4.2-3-MSO0222,MSO0222,2010-12-09 15:14:09,2010-12-10 17:23:43,11,2,2,2,2,3,4,1,0,0,2,26.159444444444443,1
