http_activity_count,after_hours_activity,logon_count,logoff_count,after_hours_logon,unique_pcs,device_connect_count,device_disconnect_count,total_device_events
0.0,0.0,2,1,0,1,1.0,1.0,2.0
23.0,0.0,1,1,0,1,0.0,0.0,0.0
0.0,0.0,1,1,0,1,0.0,0.0,0.0
2.0,0.0,1,1,1,1,0.0,0.0,0.0
1.0,0.0,1,1,0,1,0.0,0.0,0.0
0.0,0.0,1,1,0,1,0.0,0.0,0.0
1.0,0.0,1,1,0,1,0.0,0.0,0.0
0.0,0.0,3,2,0,2,0.0,0.0,0.0
1.0,0.0,2,1,0,1,0.0,0.0,0.0
0.0,0.0,1,1,0,1,0.0,0.0,0.0
0.0,0.0,1,1,1,1,0.0,0.0,0.0
10.0,0.0,1,1,0,1,0.0,0.0,0.0
22.0,0.0,1,1,0,1,0.0,0.0,0.0
1.0,0.0,1,1,1,1,0.0,0.0,0.0
0.0,0.0,1,1,1,1,0.0,0.0,0.0
33.0,0.0,1,1,0,1,0.0,0.0,0.0
0.0,0.0,1,1,0,1,0.0,0.0,0.0
68.0,0.0,1,1,0,1,0.0,0.0,0.0
24.0,0.0,1,1,0,1,0.0,0.0,0.0
1.0,0.0,4,2,2,2,1.0,1.0,2.0
6.0,0.0,1,1,0,1,0.0,0.0,0.0
3.0,0.0,1,1,0,1,0.0,0.0,0.0
15.0,0.0,1,1,0,1,0.0,0.0,0.0
2.0,0.0,1,1,0,1,0.0,0.0,0.0
0.0,0.0,1,1,0,1,1.0,1.0,2.0
2.0,2.0,2,1,1,1,1.0,1.0,2.0
0.0,0.0,1,1,0,1,1.0,1.0,2.0
1.0,0.0,1,1,1,1,0.0,0.0,0.0
0.0,0.0,1,1,0,1,0.0,0.0,0.0
0.0,0.0,1,1,0,1,0.0,0.0,0.0
0.0,0.0,1,1,0,1,0.0,0.0,0.0
0.0,0.0,1,1,0,1,0.0,0.0,0.0
356.0,0.0,1,1,0,1,0.0,0.0,0.0
3.0,0.0,1,1,1,1,0.0,0.0,0.0
0.0,0.0,1,1,0,1,0.0,0.0,0.0
4.0,0.0,1,1,0,1,0.0,0.0,0.0
2.0,0.0,3,2,0,2,0.0,0.0,0.0
0.0,0.0,2,1,0,1,0.0,0.0,0.0
0.0,0.0,2,1,0,1,0.0,0.0,0.0
0.0,0.0,1,1,0,1,0.0,0.0,0.0
0.0,0.0,2,1,0,1,0.0,0.0,0.0
3.0,0.0,1,1,0,1,0.0,0.0,0.0
1.0,0.0,1,1,1,1,0.0,0.0,0.0
1.0,0.0,1,1,0,1,0.0,0.0,0.0
1.0,1.0,1,1,1,1,1.0,1.0,2.0
0.0,0.0,1,1,1,1,0.0,0.0,0.0
1.0,0.0,1,1,1,1,0.0,0.0,0.0
1.0,0.0,1,1,0,1,0.0,0.0,0.0
1.0,0.0,2,1,0,1,0.0,0.0,0.0
4.0,0.0,1,1,1,1,0.0,0.0,0.0
1.0,0.0,1,1,1,1,0.0,0.0,0.0
2.0,0.0,1,1,1,1,0.0,0.0,0.0
0.0,0.0,1,1,0,1,0.0,0.0,0.0
0.0,0.0,2,1,0,1,0.0,0.0,0.0
0.0,0.0,1,1,0,1,0.0,0.0,0.0
5.0,0.0,2,1,0,1,0.0,0.0,0.0
0.0,0.0,1,1,0,1,0.0,0.0,0.0
15.0,0.0,2,1,0,1,0.0,0.0,0.0
4.0,0.0,2,2,0,2,0.0,0.0,0.0
17.0,0.0,1,1,0,1,0.0,0.0,0.0
10.0,0.0,1,1,0,1,0.0,0.0,0.0
3.0,0.0,1,1,0,1,0.0,0.0,0.0
10.0,0.0,5,5,0,5,0.0,0.0,0.0
0.0,0.0,1,1,0,1,0.0,0.0,0.0
1.0,0.0,1,1,0,1,0.0,0.0,0.0
0.0,0.0,1,1,1,1,0.0,0.0,0.0
8.0,0.0,2,1,1,1,0.0,0.0,0.0
9.0,0.0,1,1,0,1,1.0,1.0,2.0
1.0,0.0,1,1,0,1,0.0,0.0,0.0
5.0,0.0,2,2,0,2,0.0,0.0,0.0
1.0,1.0,1,1,1,1,1.0,1.0,2.0
1.0,1.0,1,1,1,1,1.0,1.0,2.0
1.0,1.0,1,1,1,1,1.0,1.0,2.0
1.0,1.0,1,1,1,1,1.0,1.0,2.0
1.0,1.0,1,1,1,1,1.0,1.0,2.0
1.0,1.0,1,1,1,1,1.0,1.0,2.0
1.0,1.0,1,1,1,1,1.0,1.0,2.0
1.0,0.0,1,1,0,1,1.0,1.0,2.0
1.0,1.0,1,0,1,1,1.0,1.0,2.0
1.0,1.0,1,1,1,1,1.0,1.0,2.0
1.0,1.0,1,1,1,1,1.0,1.0,2.0
1.0,1.0,1,1,1,1,1.0,1.0,2.0
1.0,1.0,1,1,1,1,1.0,1.0,2.0
1.0,1.0,1,1,1,1,1.0,1.0,2.0
1.0,1.0,1,1,1,1,1.0,1.0,2.0
1.0,1.0,1,0,1,1,1.0,1.0,2.0
1.0,0.0,1,1,0,1,1.0,1.0,2.0
1.0,1.0,1,1,1,1,1.0,1.0,2.0
1.0,0.0,1,1,0,1,1.0,1.0,2.0
1.0,1.0,1,1,1,1,1.0,1.0,2.0
1.0,1.0,1,1,1,1,1.0,1.0,2.0
1.0,1.0,1,1,1,1,1.0,1.0,2.0
1.0,1.0,1,0,1,1,1.0,1.0,2.0
1.0,1.0,1,0,1,1,1.0,1.0,2.0
1.0,1.0,1,1,1,1,1.0,1.0,2.0
1.0,1.0,1,0,1,1,1.0,1.0,2.0
1.0,1.0,1,1,1,1,1.0,1.0,2.0
1.0,1.0,1,0,1,1,1.0,1.0,2.0
1.0,1.0,1,1,1,1,1.0,1.0,2.0
1.0,1.0,1,1,1,1,1.0,1.0,2.0
8.0,0.0,0,0,0,1,0.0,0.0,0.0
3.0,0.0,0,0,0,1,0.0,0.0,0.0
4.0,0.0,0,0,0,1,0.0,0.0,0.0
5.0,0.0,0,0,0,1,0.0,0.0,0.0
7.0,0.0,0,0,0,1,0.0,0.0,0.0
9.0,1.0,0,0,0,1,0.0,0.0,0.0
2.0,0.0,0,0,0,1,0.0,0.0,0.0
4.0,0.0,0,0,0,1,0.0,0.0,0.0
4.0,0.0,0,0,0,1,0.0,0.0,0.0
6.0,0.0,0,0,0,1,0.0,0.0,0.0
4.0,0.0,0,0,0,1,0.0,0.0,0.0
9.0,0.0,0,0,0,1,0.0,0.0,0.0
4.0,0.0,0,0,0,1,0.0,0.0,0.0
10.0,0.0,0,0,0,1,0.0,0.0,0.0
8.0,0.0,0,0,0,1,0.0,0.0,0.0
6.0,0.0,0,0,0,1,0.0,0.0,0.0
5.0,0.0,0,0,0,1,0.0,0.0,0.0
8.0,0.0,0,0,0,1,0.0,0.0,0.0
3.0,0.0,0,0,0,1,0.0,0.0,0.0
5.0,0.0,0,0,0,1,0.0,0.0,0.0
6.0,0.0,0,0,0,1,0.0,0.0,0.0
1.0,0.0,0,0,0,1,0.0,0.0,0.0
5.0,0.0,0,0,0,1,0.0,0.0,0.0
3.0,0.0,0,0,0,1,0.0,0.0,0.0
5.0,0.0,0,0,0,1,0.0,0.0,0.0
9.0,0.0,0,0,0,1,0.0,0.0,0.0
3.0,0.0,0,0,0,1,0.0,0.0,0.0
6.0,0.0,0,0,0,1,0.0,0.0,0.0
6.0,0.0,0,0,0,1,0.0,0.0,0.0
4.0,0.0,0,0,0,1,0.0,0.0,0.0
3.0,0.0,1,1,1,2,2.0,2.0,4.0
1.0,0.0,1,1,1,2,2.0,2.0,4.0
9.0,0.0,1,1,1,2,2.0,2.0,4.0
3.0,0.0,1,1,0,2,2.0,2.0,4.0
8.0,0.0,1,1,0,2,2.0,2.0,4.0
7.0,0.0,1,1,0,2,2.0,2.0,4.0
7.0,0.0,1,1,1,2,2.0,2.0,4.0
6.0,0.0,1,1,1,2,2.0,2.0,4.0
6.0,0.0,1,1,1,2,2.0,2.0,4.0
3.0,0.0,1,1,1,2,2.0,2.0,4.0
